employee_id,first_name,last_name,gender,pronouns,age,birth_date,department,business_unit,job_level,job_title,location,manager_id,base_salary,bonus_eligible,bonus_pct,equity_grant,equity_pct,employment_type,employment_status,hire_date,termination_date,ethnicity,marital_status,education_level,pay_frequency,veteran_status,disability_status,cost_center,fte,exemption_status,high_potential_flag,succession_plan_status,aihr_certified,training_count,last_training_date,promotion_count,last_promotion_date
1,Casey,Garcia,Female,he/him,35,10/30/1985,Customer Success,Commercial,1,Senior Analyst,"Seattle, WA",,77073,FALSE,0,TRUE,0.0993,Full-time,Active,10/30/2020,,White,Single,High School,Monthly,FALSE,FALSE,CC1015,1,Non-exempt,TRUE,In plan,FALSE,2,3/30/2021,0,
2,Jamie,Jones,Male,he/him,34,10/30/1985,Sales,Commercial,1,Senior Analyst,"Seattle, WA",,95981,TRUE,0.068,TRUE,0.0131,Contractor,Active,10/30/2019,,Black,Married,Bachelor,Monthly,FALSE,FALSE,CC1017,0.8,Non-exempt,FALSE,Not in plan,FALSE,2,5/30/2020,0,
3,Morgan,Johnson,Female,she/her,34,9/30/1986,Sales,Commercial,1,Director,"San Francisco, CA",,93771,FALSE,0,TRUE,0.0279,Full-time,Active,9/30/2020,,White,Married,Bachelor,Monthly,FALSE,FALSE,CC1006,1,Non-exempt,FALSE,Not in plan,FALSE,1,4/30/2021,0,
4,Cameron,Jones,Female,she/her,33,6/30/1986,Engineering,Tech,3,Analyst,"Seattle, WA",,132042,TRUE,0.088,TRUE,0.074,Full-time,Terminated,6/30/2019,2/28/2022,Asian,Single,Master,Monthly,FALSE,FALSE,CC1003,0.5,Exempt,FALSE,Not in plan,FALSE,1,1/30/2020,0,
5,Riley,Johnson,Female,he/him,33,10/30/1986,Engineering,Tech,2,Senior Director,"Austin, TX",,108535,FALSE,0,FALSE,0,Full-time,Terminated,10/30/2019,5/30/2023,Hispanic,Single,Bachelor,Monthly,FALSE,FALSE,CC1006,1,Exempt,FALSE,Not in plan,FALSE,1,6/30/2020,0,
6,Riley,Garcia,Female,he/him,33,2/28/1987,Sales,Commercial,1,Analyst,"New York, NY",,74938,FALSE,0,TRUE,0.013,Full-time,Active,2/29/2020,,White,Married,Bachelor,Monthly,FALSE,FALSE,CC1003,1,Non-exempt,FALSE,Not in plan,FALSE,3,3/29/2020,0,
7,Riley,Williams,Female,she/her,34,8/30/1986,Engineering,Tech,2,Senior Manager,Remote,,115613,FALSE,0,TRUE,0.0854,Full-time,Active,8/30/2020,,White,Single,Bachelor,Monthly,FALSE,FALSE,CC1015,0.8,Exempt,FALSE,Not in plan,FALSE,0,,0,
8,Morgan,Jones,Female,he/him,40,1/30/1980,Product,Tech,3,Senior Director,"Seattle, WA",,98286,FALSE,0,TRUE,0.0245,Part-time,Active,1/30/2020,,White,Single,Associate,Monthly,FALSE,TRUE,CC1013,1,Exempt,FALSE,Not in plan,FALSE,0,,0,
9,Casey,Smith,Female,he/him,43,4/30/1978,Customer Success,Commercial,1,Senior Manager,"Austin, TX",,64858,FALSE,0,TRUE,0.0631,Contractor,Active,4/30/2021,,White,Divorced,Bachelor,Monthly,FALSE,FALSE,CC1014,1,Non-exempt,FALSE,Not in plan,FALSE,0,,0,
10,Alex,Smith,Non-binary,he/him,38,2/28/1983,Customer Success,Commercial,4,Director,"Austin, TX",,67557,FALSE,0,FALSE,0,Part-time,Active,2/28/2021,,Black,Single,Master,Monthly,FALSE,FALSE,CC1009,0.5,Exempt,FALSE,Not in plan,FALSE,0,,0,
11,Riley,Davis,Male,she/her,36,2/29/1984,HR,Corporate,3,VP,"New York, NY",,79205,FALSE,0,FALSE,0,Part-time,Terminated,2/29/2020,1/29/2025,White,Married,Bachelor,Monthly,FALSE,FALSE,CC1013,0.8,Exempt,FALSE,Not in plan,FALSE,1,9/29/2020,0,
12,Taylor,Rodriguez,Male,they/them,35,7/30/1984,Sales,Commercial,1,VP,"New York, NY",,91268,TRUE,0.128,TRUE,0.0294,Full-time,Terminated,7/30/2019,10/30/2019,Hispanic,Single,Bachelor,Monthly,FALSE,FALSE,CC1019,1,Non-exempt,FALSE,Not in plan,FALSE,0,,0,
13,Taylor,Wilson,Male,he/him,28,5/30/1991,Engineering,Tech,1,Senior Analyst,"New York, NY",,139935,TRUE,0.077,FALSE,0,Full-time,Terminated,5/30/2019,10/30/2019,White,Married,Bachelor,Monthly,FALSE,TRUE,CC1015,1,Non-exempt,FALSE,Not in plan,FALSE,0,,0,
14,Alex,Brown,Male,he/him,38,2/28/1982,Sales,Commercial,2,Director,"New York, NY",,95399,TRUE,0.145,TRUE,0.0437,Full-time,Terminated,2/29/2020,2/29/2020,White,Married,Bachelor,Monthly,FALSE,FALSE,CC1001,1,Exempt,FALSE,Not in plan,FALSE,1,3/29/2020,0,
15,Taylor,Jones,Female,she/her,25,4/30/1996,Sales,Commercial,1,Senior Director,"San Francisco, CA",,95321,TRUE,0.152,TRUE,0.0387,Full-time,Active,4/30/2021,,Hispanic,Married,Bachelor,Monthly,FALSE,FALSE,CC1012,0.5,Non-exempt,TRUE,In plan,FALSE,2,12/30/2021,0,
16,Alex,Williams,Male,he/him,29,2/28/1992,Support,Tech,3,Analyst,"Seattle, WA",,72552,FALSE,0,TRUE,0.044,Full-time,Terminated,2/28/2021,9/28/2024,White,Single,Bachelor,Monthly,FALSE,FALSE,CC1008,0.8,Exempt,FALSE,Not in plan,FALSE,1,12/28/2021,0,
17,Morgan,Jones,Male,he/him,42,2/28/1978,Customer Success,Commercial,3,Director,Remote,,75541,FALSE,0,FALSE,0,Full-time,Terminated,2/29/2020,6/29/2024,White,Married,Bachelor,Monthly,FALSE,FALSE,CC1011,0.8,Exempt,FALSE,Not in plan,FALSE,0,,0,
18,Jordan,Wilson,Male,she/her,37,8/30/1983,Product,Tech,3,Analyst,Remote,,93920,FALSE,0,TRUE,0.0439,Full-time,Active,8/30/2020,,White,Married,Bachelor,Monthly,FALSE,FALSE,CC1002,1,Exempt,FALSE,Not in plan,FALSE,3,11/30/2020,0,
19,Robin,Smith,Male,she/her,43,4/30/1977,Operations,Corporate,2,VP,Remote,,67995,FALSE,0,FALSE,0,Full-time,Active,4/30/2020,,White,Divorced,Bachelor,Monthly,FALSE,FALSE,CC1000,1,Exempt,FALSE,Not in plan,FALSE,0,,0,
20,Drew,Garcia,Male,he/him,27,5/30/1993,Finance,Corporate,1,Senior Manager,"Austin, TX",,80825,TRUE,0.196,FALSE,0,Full-time,Active,5/30/2020,,White,Single,Master,Monthly,FALSE,FALSE,CC1013,1,Non-exempt,FALSE,Not in plan,FALSE,2,7/30/2020,0,
21,Morgan,Davis,Male,she/her,36,4/30/1984,Sales,Commercial,3,Analyst,Remote,,89875,FALSE,0,FALSE,0,Full-time,Terminated,4/30/2020,9/30/2022,Asian,Single,Associate,Monthly,FALSE,FALSE,CC1004,0.5,Exempt,FALSE,Not in plan,FALSE,2,1/30/2021,0,
22,Alex,Williams,Male,he/him,36,3/30/1984,Engineering,Tech,1,VP,"Seattle, WA",,125932,FALSE,0,TRUE,0.0568,Part-time,Active,3/30/2020,,White,Married,Master,Monthly,FALSE,FALSE,CC1014,1,Non-exempt,FALSE,Not in plan,FALSE,4,5/30/2020,0,
23,Taylor,Johnson,Male,she/her,30,2/28/1990,Finance,Corporate,3,Director,"Seattle, WA",,96342,FALSE,0,FALSE,0,Full-time,Terminated,2/29/2020,5/29/2021,Hispanic,Single,Bachelor,Monthly,FALSE,FALSE,CC1010,1,Exempt,TRUE,In plan,FALSE,0,,0,
24,Riley,Garcia,Male,she/her,40,6/30/1980,Marketing,Commercial,4,Director,"San Francisco, CA",,78117,TRUE,0.075,TRUE,0.0259,Full-time,Terminated,6/30/2020,10/30/2020,Hispanic,Married,Bachelor,Monthly,FALSE,FALSE,CC1012,1,Exempt,TRUE,In plan,FALSE,1,5/30/2021,0,
25,Alex,Wilson,Female,he/him,35,1/30/1985,Marketing,Commercial,4,Senior Director,"Seattle, WA",,80285,FALSE,0,TRUE,0.0773,Full-time,Terminated,1/30/2020,6/30/2021,Black,Married,Master,Monthly,FALSE,FALSE,CC1012,0.8,Exempt,FALSE,Not in plan,FALSE,0,,0,
26,Morgan,Wilson,Female,she/her,34,6/30/1985,Engineering,Tech,1,Analyst,"Seattle, WA",,109499,FALSE,0,TRUE,0.0178,Full-time,Terminated,6/30/2019,7/30/2021,White,Married,Bachelor,Monthly,FALSE,FALSE,CC1005,0.8,Non-exempt,FALSE,Not in plan,FALSE,1,3/30/2020,0,
27,Morgan,Miller,Male,he/him,42,4/30/1979,Engineering,Tech,3,VP,Remote,,119504,TRUE,0.053,TRUE,0.0998,Part-time,Terminated,4/30/2021,7/30/2023,White,Divorced,High School,Monthly,FALSE,FALSE,CC1005,1,Exempt,FALSE,Not in plan,FALSE,1,9/30/2021,0,
28,Drew,Miller,Female,he/him,35,11/30/1985,Customer Success,Commercial,3,Senior Director,"Austin, TX",,81962,TRUE,0.122,TRUE,0.0147,Full-time,Active,11/30/2020,,Hispanic,Single,PhD,Monthly,FALSE,FALSE,CC1000,1,Exempt,TRUE,In plan,FALSE,1,2/28/2021,0,
29,Morgan,Johnson,Male,she/her,34,12/30/1985,Finance,Corporate,3,Manager,"Seattle, WA",,83676,FALSE,0,TRUE,0.0248,Full-time,Terminated,12/30/2019,8/30/2021,White,Married,Bachelor,Monthly,FALSE,FALSE,CC1007,1,Exempt,FALSE,Not in plan,FALSE,1,1/30/2020,0,
30,Alex,Davis,Female,he/him,35,12/30/1984,Sales,Commercial,1,Manager,"New York, NY",,76225,TRUE,0.169,TRUE,0.058,Part-time,Active,12/30/2019,,White,Single,Bachelor,Monthly,FALSE,FALSE,CC1003,1,Non-exempt,FALSE,Not in plan,FALSE,0,,0,
31,Casey,Garcia,Female,she/her,26,11/30/1994,Sales,Commercial,3,Manager,"Seattle, WA",,116785,TRUE,0.131,TRUE,0.0411,Full-time,Terminated,11/30/2020,6/30/2021,White,Married,Bachelor,Monthly,FALSE,FALSE,CC1011,0.5,Exempt,FALSE,Not in plan,FALSE,0,,0,
32,Casey,Brown,Female,he/him,42,9/30/1978,Sales,Commercial,1,Manager,"Seattle, WA",,96051,FALSE,0,FALSE,0,Full-time,Terminated,9/30/2020,10/30/2021,Hispanic,Widowed,Master,Monthly,FALSE,FALSE,CC1018,1,Non-exempt,FALSE,Not in plan,FALSE,0,,0,
33,Robin,Jones,Female,he/him,41,9/30/1978,Support,Tech,2,Manager,"Seattle, WA",,63392,FALSE,0,TRUE,0.0507,Full-time,Terminated,9/30/2019,7/30/2024,Hispanic,Married,Bachelor,Monthly,FALSE,FALSE,CC1010,1,Exempt,TRUE,In plan,FALSE,0,,0,
34,Robin,Smith,Female,she/her,24,9/30/1995,Sales,Commercial,1,Senior Director,"Seattle, WA",,91340,TRUE,0.185,TRUE,0.0272,Full-time,Active,9/30/2019,,White,Married,Associate,Monthly,FALSE,FALSE,CC1001,1,Non-exempt,FALSE,Not in plan,FALSE,1,5/30/2020,0,
35,Jamie,Williams,Male,he/him,26,6/30/1993,Engineering,Tech,1,Senior Analyst,Remote,,141027,FALSE,0,TRUE,0.0328,Full-time,Active,6/30/2019,,White,Married,Bachelor,Monthly,FALSE,FALSE,CC1014,0.8,Non-exempt,FALSE,Not in plan,FALSE,4,1/30/2020,0,
36,Jordan,Davis,Female,she/her,36,1/30/1984,Customer Success,Commercial,4,Director,"New York, NY",,76090,FALSE,0,TRUE,0.0631,Full-time,Active,1/30/2020,,White,Married,Bachelor,Monthly,FALSE,FALSE,CC1019,0.5,Exempt,FALSE,Not in plan,FALSE,2,2/29/2020,0,
37,Taylor,Smith,Male,she/her,24,11/30/1995,Engineering,Tech,3,Senior Manager,"San Francisco, CA",,128919,FALSE,0,TRUE,0.0715,Full-time,Active,11/30/2019,,White,Married,Bachelor,Monthly,FALSE,FALSE,CC1005,0.8,Exempt,FALSE,Not in plan,TRUE,0,,0,
38,Cameron,Johnson,Female,she/her,22,11/30/1998,Marketing,Commercial,1,Senior Manager,Remote,,69763,TRUE,0.064,TRUE,0.0161,Full-time,Active,11/30/2020,,Asian,Divorced,Bachelor,Monthly,FALSE,FALSE,CC1014,0.5,Non-exempt,FALSE,Not in plan,FALSE,0,,0,
39,Casey,Williams,Female,he/him,51,2/28/1969,Sales,Commercial,3,Director,"New York, NY",,89135,TRUE,0.112,TRUE,0.0638,Full-time,Active,2/29/2020,,Hispanic,Single,High School,Monthly,FALSE,TRUE,CC1011,1,Exempt,TRUE,In plan,FALSE,0,,0,
40,Robin,Davis,Female,he/him,42,7/30/1978,Customer Success,Commercial,2,Analyst,Remote,,74823,FALSE,0,TRUE,0.0146,Full-time,Active,7/30/2020,,Hispanic,Married,PhD,Monthly,FALSE,FALSE,CC1006,1,Exempt,FALSE,Not in plan,FALSE,4,2/28/2021,0,
41,Jordan,Wilson,Female,she/her,40,2/28/1981,Marketing,Commercial,3,Manager,"New York, NY",,63904,FALSE,0,TRUE,0.0384,Full-time,Terminated,2/28/2021,3/28/2022,White,Single,Bachelor,Monthly,FALSE,FALSE,CC1001,1,Exempt,FALSE,Not in plan,TRUE,3,9/28/2021,0,
42,Casey,Smith,Male,he/him,40,3/30/1980,Operations,Corporate,3,Analyst,"New York, NY",,72197,FALSE,0,TRUE,0.0103,Full-time,Active,3/30/2020,,Black,Married,Bachelor,Monthly,FALSE,FALSE,CC1013,1,Exempt,FALSE,Not in plan,FALSE,0,,0,
43,Morgan,Miller,Non-binary,she/her,39,12/30/1981,Operations,Corporate,3,Senior Manager,"New York, NY",,71453,FALSE,0,TRUE,0.0647,Full-time,Terminated,12/30/2020,4/30/2024,Black,Single,Bachelor,Monthly,FALSE,FALSE,CC1005,0.8,Exempt,FALSE,Not in plan,FALSE,1,1/30/2021,0,
44,Taylor,Johnson,Female,ze/zir,33,7/30/1987,Finance,Corporate,3,Analyst,"Austin, TX",,93035,FALSE,0,TRUE,0.089,Full-time,Terminated,7/30/2020,7/30/2024,Hispanic,Married,PhD,Monthly,FALSE,FALSE,CC1007,0.5,Exempt,FALSE,Not in plan,FALSE,0,,0,
45,Cameron,Jones,Male,she/her,40,11/30/1980,Finance,Corporate,2,Manager,Remote,,85305,FALSE,0,TRUE,0.0881,Full-time,Active,11/30/2020,,Hispanic,Single,Bachelor,Monthly,FALSE,FALSE,CC1003,1,Exempt,FALSE,Not in plan,FALSE,2,6/30/2021,0,
46,Drew,Jones,Female,he/him,36,7/30/1984,Marketing,Commercial,1,Director,"Seattle, WA",,83203,FALSE,0,TRUE,0.0334,Full-time,Terminated,7/30/2020,6/30/2021,White,Married,Associate,Monthly,FALSE,FALSE,CC1001,1,Non-exempt,FALSE,Not in plan,FALSE,0,,0,
47,Casey,Brown,Male,he/him,31,1/30/1990,Finance,Corporate,1,Senior Analyst,"San Francisco, CA",,86484,FALSE,0,FALSE,0,Full-time,Terminated,1/30/2021,1/30/2024,Asian,Married,Bachelor,Monthly,FALSE,FALSE,CC1000,1,Non-exempt,FALSE,Not in plan,FALSE,1,3/30/2021,0,
48,Alex,Williams,Male,he/him,38,1/30/1983,Engineering,Tech,1,Senior Director,"New York, NY",,131847,TRUE,0.18,FALSE,0,Full-time,Terminated,1/30/2021,6/30/2021,White,Divorced,Master,Monthly,FALSE,FALSE,CC1004,0.5,Non-exempt,FALSE,Not in plan,FALSE,0,,0,
49,Alex,Rodriguez,Female,she/her,51,2/28/1970,Engineering,Tech,1,Director,"Seattle, WA",,100123,FALSE,0,FALSE,0,Full-time,Active,2/28/2021,,White,Single,High School,Monthly,FALSE,FALSE,CC1013,1,Non-exempt,TRUE,In plan,FALSE,1,11/28/2021,0,
50,Robin,Miller,Female,he/him,29,11/30/1991,Marketing,Commercial,1,Senior Analyst,"Seattle, WA",,87966,FALSE,0,FALSE,0,Full-time,Terminated,11/30/2020,9/30/2021,White,Married,PhD,Monthly,FALSE,FALSE,CC1018,1,Non-exempt,FALSE,Not in plan,FALSE,0,,0,
51,Riley,Miller,Male,he/him,34,1/30/1986,Product,Tech,1,Director,"San Francisco, CA",,101414,TRUE,0.07,TRUE,0.0721,Full-time,Terminated,1/30/2020,1/30/2022,Black,Single,Associate,Monthly,FALSE,FALSE,CC1005,1,Non-exempt,FALSE,Not in plan,FALSE,0,,0,
52,Cameron,Garcia,Female,she/her,41,5/30/1979,Engineering,Tech,3,Senior Manager,"Austin, TX",,113577,FALSE,0,TRUE,0.0137,Full-time,Active,5/30/2020,,Asian,Married,Bachelor,Monthly,FALSE,FALSE,CC1018,1,Exempt,FALSE,Not in plan,FALSE,0,,0,
53,Morgan,Davis,Male,he/him,37,6/30/1982,Marketing,Commercial,1,Manager,"Seattle, WA",,64020,TRUE,0.055,TRUE,0.0516,Part-time,Terminated,6/30/2019,12/30/2023,White,Married,Bachelor,Monthly,FALSE,FALSE,CC1019,1,Non-exempt,FALSE,Not in plan,FALSE,1,8/30/2019,0,
54,Jordan,Johnson,Female,she/her,25,1/30/1996,Marketing,Commercial,3,Analyst,"San Francisco, CA",,67609,FALSE,0,FALSE,0,Full-time,Terminated,1/30/2021,1/30/2022,Black,Divorced,Bachelor,Monthly,FALSE,FALSE,CC1014,1,Exempt,FALSE,Not in plan,FALSE,0,,0,
55,Robin,Rodriguez,Male,she/her,34,12/30/1985,Finance,Corporate,1,VP,"Austin, TX",,84202,FALSE,0,TRUE,0.0253,Full-time,Terminated,12/30/2019,4/30/2023,Asian,Married,Bachelor,Monthly,FALSE,FALSE,CC1000,1,Non-exempt,FALSE,Not in plan,FALSE,1,5/30/2020,0,
56,Alex,Garcia,Female,she/her,31,12/30/1988,Engineering,Tech,1,Senior Analyst,"San Francisco, CA",,124556,TRUE,0.058,TRUE,0.0302,Full-time,Terminated,12/30/2019,10/30/2020,Hispanic,Single,Bachelor,Monthly,FALSE,FALSE,CC1017,0.5,Non-exempt,TRUE,In plan,FALSE,2,11/30/2020,0,
57,Jamie,Miller,Male,he/him,41,11/30/1978,Engineering,Tech,2,Senior Analyst,"San Francisco, CA",,107521,FALSE,0,TRUE,0.0311,Contractor,Terminated,11/30/2019,5/30/2021,Black,Married,PhD,Monthly,FALSE,TRUE,CC1017,1,Exempt,FALSE,Not in plan,FALSE,0,,0,
58,Robin,Brown,Female,he/him,26,9/30/1994,HR,Corporate,1,Senior Manager,"San Francisco, CA",,87233,FALSE,0,TRUE,0.088,Contractor,Terminated,9/30/2020,1/30/2021,White,Single,Bachelor,Monthly,FALSE,FALSE,CC1005,1,Non-exempt,FALSE,Not in plan,FALSE,2,8/30/2021,0,
59,Cameron,Miller,Female,he/him,43,4/30/1978,Finance,Corporate,1,Director,"Austin, TX",,98484,FALSE,0,TRUE,0.0305,Full-time,Terminated,4/30/2021,3/30/2025,White,Married,Bachelor,Monthly,FALSE,FALSE,CC1007,1,Non-exempt,FALSE,Not in plan,TRUE,0,,0,
60,Morgan,Johnson,Female,he/him,22,5/30/1998,Marketing,Commercial,3,Senior Manager,Remote,,75735,TRUE,0.079,TRUE,0.0683,Part-time,Active,5/30/2020,,Black,Divorced,Associate,Monthly,FALSE,FALSE,CC1001,1,Exempt,FALSE,Not in plan,FALSE,2,1/30/2021,0,
61,Drew,Brown,Female,he/him,26,1/30/1994,Product,Tech,3,VP,"Seattle, WA",,110694,TRUE,0.135,TRUE,0.0967,Full-time,Active,1/30/2020,,White,Married,High School,Monthly,FALSE,FALSE,CC1008,0.8,Exempt,FALSE,Not in plan,FALSE,0,,0,
62,Cameron,Garcia,Male,he/him,28,7/30/1992,Product,Tech,2,Senior Analyst,Remote,,119844,FALSE,0,TRUE,0.0482,Full-time,Active,7/30/2020,,Black,Married,Bachelor,Monthly,FALSE,FALSE,CC1004,1,Exempt,FALSE,Not in plan,FALSE,0,,0,
63,Robin,Rodriguez,Non-binary,he/him,28,3/30/1992,Sales,Commercial,3,Analyst,"San Francisco, CA",,104752,TRUE,0.173,TRUE,0.0404,Contractor,Terminated,3/30/2020,9/30/2021,White,Single,Bachelor,Monthly,FALSE,FALSE,CC1000,1,Exempt,FALSE,Not in plan,FALSE,1,8/30/2020,0,
64,Morgan,Garcia,Female,she/her,22,5/30/1998,Sales,Commercial,2,VP,"New York, NY",,93366,TRUE,0.199,TRUE,0.04,Full-time,Terminated,5/30/2020,3/30/2023,Hispanic,Divorced,Bachelor,Monthly,FALSE,FALSE,CC1009,1,Exempt,FALSE,Not in plan,FALSE,0,,0,
65,Cameron,Brown,Male,he/him,28,5/30/1992,HR,Corporate,1,Senior Director,"San Francisco, CA",,80919,FALSE,0,TRUE,0.0843,Full-time,Active,5/30/2020,,White,Single,Bachelor,Monthly,FALSE,FALSE,CC1001,0.5,Non-exempt,FALSE,Not in plan,FALSE,1,9/30/2020,0,
66,Jamie,Miller,Female,she/her,34,11/30/1985,Sales,Commercial,3,Senior Director,"Seattle, WA",,89109,TRUE,0.082,FALSE,0,Full-time,Terminated,11/30/2019,6/30/2020,Hispanic,Single,Bachelor,Monthly,FALSE,FALSE,CC1009,0.8,Exempt,FALSE,Not in plan,FALSE,2,5/30/2020,0,
67,Casey,Williams,Female,she/her,28,3/30/1992,Marketing,Commercial,2,VP,Remote,,82812,FALSE,0,FALSE,0,Full-time,Active,3/30/2020,,Asian,Married,Bachelor,Monthly,FALSE,FALSE,CC1010,1,Exempt,FALSE,Not in plan,FALSE,0,,0,
68,Jordan,Wilson,Male,she/her,38,10/30/1981,Sales,Commercial,2,Analyst,"San Francisco, CA",,102368,TRUE,0.095,TRUE,0.0723,Full-time,Terminated,10/30/2019,4/30/2024,White,Widowed,Master,Monthly,FALSE,FALSE,CC1019,1,Exempt,FALSE,Not in plan,FALSE,1,1/30/2020,0,
69,Riley,Davis,Female,she/her,33,10/30/1987,Marketing,Commercial,1,VP,"Austin, TX",,78605,FALSE,0,TRUE,0.0657,Full-time,Active,10/30/2020,,White,Married,Bachelor,Monthly,FALSE,TRUE,CC1016,1,Non-exempt,FALSE,Not in plan,FALSE,1,8/30/2021,0,
70,Jordan,Brown,Male,she/her,37,1/30/1984,Product,Tech,1,Senior Analyst,Remote,,123265,FALSE,0,TRUE,0.0384,Full-time,Terminated,1/30/2021,8/30/2023,Asian,Single,Master,Monthly,FALSE,FALSE,CC1010,1,Non-exempt,FALSE,Not in plan,FALSE,0,,0,
71,Jamie,Garcia,Female,he/him,33,12/30/1986,Engineering,Tech,1,VP,"Seattle, WA",,123110,TRUE,0.061,TRUE,0.0961,Full-time,Terminated,12/30/2019,10/30/2022,Asian,Single,Bachelor,Monthly,FALSE,FALSE,CC1018,1,Non-exempt,TRUE,In plan,FALSE,1,6/30/2020,0,
72,Alex,Garcia,Female,she/her,25,2/28/1995,Engineering,Tech,2,Senior Director,"San Francisco, CA",,113970,FALSE,0,TRUE,0.0906,Full-time,Active,2/29/2020,,Hispanic,Married,Associate,Monthly,FALSE,FALSE,CC1015,0.8,Exempt,FALSE,Not in plan,FALSE,0,,0,
73,Jordan,Davis,Male,he/him,22,9/30/1998,Engineering,Tech,1,Senior Manager,"San Francisco, CA",,131691,TRUE,0.183,TRUE,0.0357,Full-time,Active,9/30/2020,,White,Married,Master,Monthly,FALSE,FALSE,CC1007,0.8,Non-exempt,FALSE,Not in plan,FALSE,0,,0,
74,Riley,Rodriguez,Female,he/him,33,7/30/1986,Customer Success,Commercial,3,VP,"Austin, TX",,69398,TRUE,0.101,TRUE,0.0782,Full-time,Terminated,7/30/2019,4/30/2021,White,Single,Bachelor,Monthly,FALSE,FALSE,CC1004,1,Exempt,FALSE,Not in plan,TRUE,0,,0,
75,Taylor,Smith,Male,he/him,36,12/30/1984,Sales,Commercial,3,Senior Director,"Seattle, WA",,97351,TRUE,0.103,TRUE,0.0599,Full-time,Active,12/30/2020,,White,Single,Bachelor,Monthly,FALSE,FALSE,CC1019,1,Exempt,FALSE,Not in plan,FALSE,2,4/30/2021,0,
76,Drew,Garcia,Male,he/him,31,9/30/1988,Sales,Commercial,2,VP,"Austin, TX",,86293,TRUE,0.06,TRUE,0.0605,Full-time,Terminated,9/30/2019,4/30/2020,White,Married,Master,Monthly,FALSE,FALSE,CC1016,1,Exempt,FALSE,Not in plan,FALSE,2,1/30/2020,0,
77,Casey,Davis,Female,he/him,29,10/30/1990,Product,Tech,3,Analyst,Remote,,108116,FALSE,0,TRUE,0.0673,Full-time,Terminated,10/30/2019,3/30/2020,Hispanic,Married,Master,Monthly,FALSE,FALSE,CC1015,1,Exempt,FALSE,Not in plan,FALSE,0,,0,
78,Alex,Miller,Male,she/her,36,6/30/1984,Sales,Commercial,2,Manager,"New York, NY",,88671,TRUE,0.122,TRUE,0.0944,Full-time,Active,6/30/2020,,White,Single,Master,Monthly,FALSE,FALSE,CC1003,0.8,Exempt,FALSE,Not in plan,FALSE,0,,0,
79,Cameron,Rodriguez,Female,he/him,33,9/30/1986,Sales,Commercial,1,Senior Manager,"Seattle, WA",,88166,FALSE,0,TRUE,0.0486,Full-time,Active,9/30/2019,,Black,Single,Master,Monthly,FALSE,FALSE,CC1010,1,Non-exempt,FALSE,Not in plan,FALSE,0,,0,
80,Jordan,Garcia,Female,he/him,32,2/29/1988,Product,Tech,3,Senior Director,"Seattle, WA",,120193,FALSE,0,TRUE,0.0689,Full-time,Active,2/29/2020,,White,Married,PhD,Monthly,FALSE,FALSE,CC1008,1,Exempt,FALSE,Not in plan,FALSE,0,,0,
81,Jamie,Smith,Female,he/him,37,7/30/1982,Engineering,Tech,3,Analyst,"Seattle, WA",,128317,TRUE,0.177,TRUE,0.0227,Full-time,Terminated,7/30/2019,1/30/2023,Black,Single,Master,Monthly,FALSE,FALSE,CC1011,1,Exempt,FALSE,Not in plan,FALSE,1,8/30/2019,0,
82,Morgan,Brown,Female,she/her,36,10/30/1984,Engineering,Tech,1,Director,"Austin, TX",,109952,FALSE,0,TRUE,0.0124,Full-time,Terminated,10/30/2020,12/30/2020,White,Divorced,Bachelor,Monthly,FALSE,FALSE,CC1019,1,Non-exempt,FALSE,Not in plan,FALSE,1,8/30/2021,0,
83,Cameron,Rodriguez,Female,she/her,30,9/30/1990,Support,Tech,2,Senior Analyst,"Austin, TX",,73326,FALSE,0,TRUE,0.0652,Full-time,Active,9/30/2020,,White,Single,Bachelor,Monthly,FALSE,TRUE,CC1007,0.8,Exempt,FALSE,Not in plan,FALSE,1,3/30/2021,0,
84,Robin,Davis,Non-binary,he/him,26,10/30/1993,Product,Tech,2,VP,"San Francisco, CA",,114711,FALSE,0,TRUE,0.0126,Full-time,Terminated,10/30/2019,2/28/2022,Black,Single,PhD,Monthly,FALSE,FALSE,CC1005,1,Exempt,FALSE,Not in plan,FALSE,2,3/30/2020,0,
85,Jordan,Miller,Female,he/him,37,5/30/1982,Product,Tech,1,Director,"Austin, TX",,100761,FALSE,0,TRUE,0.0272,Full-time,Terminated,5/30/2019,3/30/2023,Asian,Married,Bachelor,Monthly,FALSE,FALSE,CC1002,1,Non-exempt,FALSE,Not in plan,FALSE,0,,0,
86,Jamie,Miller,Female,he/him,30,5/30/1989,Finance,Corporate,2,Analyst,"New York, NY",,91609,FALSE,0,TRUE,0.0787,Full-time,Terminated,5/30/2019,12/30/2023,White,Divorced,Bachelor,Monthly,FALSE,FALSE,CC1014,1,Exempt,FALSE,Not in plan,FALSE,1,1/30/2020,0,
87,Riley,Brown,Male,he/him,43,3/30/1977,Marketing,Commercial,1,Senior Director,Remote,,76981,TRUE,0.179,TRUE,0.092,Full-time,Terminated,3/30/2020,8/30/2020,White,Single,PhD,Monthly,FALSE,FALSE,CC1018,0.8,Non-exempt,FALSE,Not in plan,FALSE,1,12/30/2020,0,
88,Cameron,Brown,Male,she/her,26,4/30/1995,Customer Success,Commercial,1,Senior Manager,Remote,,62525,FALSE,0,TRUE,0.0406,Contractor,Active,4/30/2021,,White,Married,Master,Monthly,FALSE,FALSE,CC1010,0.5,Non-exempt,FALSE,Not in plan,FALSE,0,,0,
89,Morgan,Williams,Female,she/her,30,9/30/1989,Product,Tech,1,Analyst,"San Francisco, CA",,110304,FALSE,0,TRUE,0.092,Full-time,Terminated,9/30/2019,7/30/2023,Hispanic,Single,Bachelor,Monthly,FALSE,FALSE,CC1005,1,Non-exempt,FALSE,Not in plan,FALSE,1,3/30/2020,0,
90,Taylor,Miller,Male,he/him,36,5/30/1984,Sales,Commercial,2,Senior Director,"New York, NY",,89821,TRUE,0.121,TRUE,0.0226,Full-time,Active,5/30/2020,,Other,Single,Bachelor,Monthly,FALSE,FALSE,CC1012,1,Exempt,FALSE,Not in plan,FALSE,1,1/30/2021,0,
91,Casey,Smith,Male,she/her,37,6/30/1983,Sales,Commercial,4,Analyst,Remote,,114577,TRUE,0.173,TRUE,0.0892,Full-time,Active,6/30/2020,,Hispanic,Married,High School,Monthly,FALSE,FALSE,CC1012,1,Exempt,FALSE,Not in plan,FALSE,3,4/30/2021,0,
92,Drew,Jones,Male,she/her,35,10/30/1985,HR,Corporate,1,Senior Director,Remote,,70389,FALSE,0,TRUE,0.0637,Full-time,Terminated,10/30/2020,2/28/2022,White,Married,Bachelor,Monthly,FALSE,FALSE,CC1008,1,Non-exempt,FALSE,Not in plan,FALSE,1,7/30/2021,0,
93,Taylor,Brown,Female,she/her,42,10/30/1978,Operations,Corporate,3,Analyst,"Austin, TX",,70818,FALSE,0,TRUE,0.0619,Full-time,Terminated,10/30/2020,5/30/2022,Hispanic,Married,Bachelor,Monthly,FALSE,FALSE,CC1010,1,Exempt,FALSE,Not in plan,FALSE,0,,0,
94,Jordan,Williams,Male,she/her,31,5/30/1989,Product,Tech,1,Manager,"Seattle, WA",,112553,FALSE,0,TRUE,0.0437,Full-time,Terminated,5/30/2020,4/30/2022,Asian,Single,Master,Monthly,FALSE,FALSE,CC1009,1,Non-exempt,FALSE,Not in plan,FALSE,0,,0,
95,Alex,Smith,Female,she/her,25,6/30/1995,Operations,Corporate,2,Senior Manager,"San Francisco, CA",,65852,FALSE,0,TRUE,0.098,Full-time,Terminated,6/30/2020,10/30/2021,Hispanic,Single,Bachelor,Monthly,FALSE,FALSE,CC1018,1,Exempt,FALSE,Not in plan,FALSE,0,,0,
96,Drew,Jones,Female,he/him,35,12/30/1985,Product,Tech,5,Director,"Seattle, WA",,119943,TRUE,0.055,FALSE,0,Full-time,Active,12/30/2020,,Other,Married,Bachelor,Monthly,FALSE,FALSE,CC1018,1,Exempt,FALSE,Not in plan,FALSE,0,,0,
97,Morgan,Davis,Female,he/him,36,8/30/1983,Engineering,Tech,3,Manager,Remote,,115705,FALSE,0,TRUE,0.0659,Full-time,Active,8/30/2019,,Asian,Single,Bachelor,Monthly,FALSE,FALSE,CC1001,0.8,Exempt,FALSE,Not in plan,FALSE,0,,0,
98,Jamie,Jones,Female,he/him,33,6/30/1987,Operations,Corporate,2,Senior Director,"Austin, TX",,61791,FALSE,0,TRUE,0.0283,Full-time,Active,6/30/2020,,Asian,Married,Bachelor,Monthly,FALSE,FALSE,CC1013,1,Exempt,FALSE,Not in plan,FALSE,2,3/30/2021,0,
99,Casey,Smith,Female,he/him,28,9/30/1992,Sales,Commercial,1,VP,"Seattle, WA",,80282,FALSE,0,TRUE,0.0529,Full-time,Active,9/30/2020,,White,Married,Associate,Monthly,FALSE,FALSE,CC1001,1,Non-exempt,FALSE,Not in plan,FALSE,2,7/30/2021,0,
100,Cameron,Davis,Male,he/him,42,12/30/1977,Engineering,Tech,1,Director,Remote,,102725,FALSE,0,FALSE,0,Full-time,Terminated,12/30/2019,7/30/2023,Hispanic,Single,Bachelor,Monthly,FALSE,FALSE,CC1005,1,Non-exempt,FALSE,Not in plan,FALSE,2,3/30/2020,0,
101,Jordan,Garcia,Male,she/her,33,11/30/1987,Engineering,Tech,3,VP,"New York, NY",,100585,FALSE,0,TRUE,0.0363,Full-time,Terminated,11/30/2020,6/30/2023,Black,Single,Bachelor,Monthly,FALSE,FALSE,CC1012,1,Exempt,FALSE,Not in plan,FALSE,0,,0,
102,Jamie,Davis,Female,he/him,35,12/30/1984,Finance,Corporate,2,Senior Analyst,"Seattle, WA",,95958,FALSE,0,FALSE,0,Full-time,Active,12/30/2019,,White,Single,Master,Monthly,FALSE,FALSE,CC1013,0.8,Exempt,FALSE,Not in plan,FALSE,0,,0,
103,Robin,Smith,Female,he/him,40,12/30/1979,Engineering,Tech,3,Analyst,"New York, NY",,107605,FALSE,0,TRUE,0.0938,Full-time,Active,12/30/2019,,Hispanic,Married,Master,Monthly,FALSE,FALSE,CC1018,1,Exempt,FALSE,Not in plan,FALSE,1,10/30/2020,0,
104,Drew,Smith,Female,she/her,28,6/30/1991,Sales,Commercial,3,Director,Remote,,93694,FALSE,0,FALSE,0,Full-time,Terminated,6/30/2019,2/29/2024,Black,Single,Master,Monthly,FALSE,TRUE,CC1004,1,Exempt,FALSE,Not in plan,FALSE,1,9/30/2019,0,
105,Robin,Davis,Female,he/him,36,5/30/1984,Engineering,Tech,2,Manager,"Seattle, WA",,123605,FALSE,0,TRUE,0.0779,Full-time,Terminated,5/30/2020,9/30/2022,Asian,Divorced,Associate,Monthly,FALSE,FALSE,CC1011,1,Exempt,FALSE,Not in plan,FALSE,1,8/30/2020,0,
106,Robin,Smith,Male,she/her,39,4/30/1981,Engineering,Tech,1,Senior Analyst,"San Francisco, CA",,113841,TRUE,0.112,TRUE,0.0464,Full-time,Active,4/30/2020,,White,Single,Bachelor,Monthly,FALSE,FALSE,CC1005,0.8,Non-exempt,FALSE,Not in plan,FALSE,0,,0,
107,Riley,Jones,Male,he/him,26,5/30/1994,Sales,Commercial,1,Analyst,"Seattle, WA",,85786,TRUE,0.102,TRUE,0.0101,Full-time,Terminated,5/30/2020,4/30/2021,White,Divorced,Master,Monthly,FALSE,FALSE,CC1000,1,Non-exempt,FALSE,Not in plan,FALSE,0,,0,
108,Taylor,Rodriguez,Female,she/her,29,9/30/1991,HR,Corporate,2,Analyst,"New York, NY",,74679,FALSE,0,TRUE,0.068,Full-time,Active,9/30/2020,,White,Single,Bachelor,Monthly,FALSE,FALSE,CC1009,1,Exempt,FALSE,Not in plan,FALSE,2,8/30/2021,0,
109,Alex,Smith,Female,he/him,36,6/30/1984,Engineering,Tech,2,Senior Analyst,"San Francisco, CA",,140940,TRUE,0.145,TRUE,0.0221,Contractor,Active,6/30/2020,,White,Single,Bachelor,Monthly,FALSE,FALSE,CC1005,0.5,Exempt,FALSE,Not in plan,FALSE,0,,0,
110,Riley,Garcia,Male,he/him,37,2/28/1984,Engineering,Tech,4,Senior Manager,Remote,,124453,FALSE,0,TRUE,0.0983,Full-time,Terminated,2/28/2021,1/28/2022,Black,Married,Bachelor,Monthly,FALSE,FALSE,CC1005,1,Exempt,FALSE,Not in plan,FALSE,4,12/28/2021,0,
111,Casey,Smith,Male,she/her,36,9/30/1984,Product,Tech,3,Senior Manager,Remote,,121601,TRUE,0.145,TRUE,0.039,Full-time,Active,9/30/2020,,White,Single,Bachelor,Monthly,FALSE,FALSE,CC1012,1,Exempt,FALSE,Not in plan,FALSE,3,4/30/2021,0,
112,Taylor,Brown,Male,he/him,33,12/30/1986,Sales,Commercial,2,Director,"New York, NY",,83949,TRUE,0.104,TRUE,0.0316,Full-time,Active,12/30/2019,,White,Single,Bachelor,Monthly,FALSE,TRUE,CC1000,1,Exempt,FALSE,Not in plan,FALSE,2,3/30/2020,0,
113,Taylor,Wilson,Female,he/him,40,8/30/1979,Product,Tech,2,Senior Director,"Seattle, WA",,108325,FALSE,0,TRUE,0.0284,Full-time,Active,8/30/2019,,Black,Single,Master,Monthly,FALSE,FALSE,CC1003,1,Exempt,FALSE,Not in plan,FALSE,0,,0,
114,Casey,Johnson,Female,he/him,34,9/30/1986,Marketing,Commercial,1,Senior Manager,"Austin, TX",,90483,TRUE,0.069,TRUE,0.01,Full-time,Active,9/30/2020,,White,Single,PhD,Monthly,FALSE,FALSE,CC1019,1,Non-exempt,TRUE,In plan,FALSE,1,1/30/2021,0,
115,Robin,Jones,Female,she/her,28,2/29/1992,Engineering,Tech,1,VP,Remote,,108917,FALSE,0,TRUE,0.0454,Full-time,Terminated,2/29/2020,1/29/2022,White,Single,Bachelor,Monthly,FALSE,FALSE,CC1008,1,Non-exempt,FALSE,Not in plan,FALSE,0,,0,
116,Casey,Rodriguez,Male,she/her,38,1/30/1982,Engineering,Tech,4,VP,Remote,,131521,FALSE,0,TRUE,0.0516,Contractor,Active,1/30/2020,,White,Married,Master,Monthly,FALSE,FALSE,CC1008,1,Exempt,FALSE,Not in plan,FALSE,3,8/30/2020,0,
117,Alex,Williams,Female,she/her,39,4/30/1982,Engineering,Tech,3,Manager,"San Francisco, CA",,117356,FALSE,0,FALSE,0,Full-time,Terminated,4/30/2021,1/30/2025,Black,Married,Master,Monthly,FALSE,FALSE,CC1018,1,Exempt,FALSE,Not in plan,FALSE,0,,0,
118,Taylor,Williams,Male,he/him,26,1/30/1994,Product,Tech,2,Director,"San Francisco, CA",,98866,TRUE,0.19,FALSE,0,Contractor,Terminated,1/30/2020,8/30/2021,White,Single,Bachelor,Monthly,FALSE,TRUE,CC1010,1,Exempt,FALSE,Not in plan,FALSE,2,9/30/2020,0,
119,Jordan,Rodriguez,Female,he/him,32,4/30/1989,Support,Tech,2,Senior Director,"Seattle, WA",,61436,FALSE,0,TRUE,0.0807,Full-time,Terminated,4/30/2021,1/30/2025,Other,Single,Master,Monthly,FALSE,TRUE,CC1009,1,Exempt,FALSE,Not in plan,FALSE,1,2/28/2022,0,
120,Robin,Smith,Male,he/him,28,9/30/1991,Marketing,Commercial,1,Senior Manager,"Austin, TX",,74697,FALSE,0,TRUE,0.0636,Full-time,Active,9/30/2019,,White,Single,Bachelor,Monthly,FALSE,FALSE,CC1002,1,Non-exempt,FALSE,Not in plan,TRUE,1,7/30/2020,0,
121,Alex,Miller,Male,he/him,41,8/30/1979,Support,Tech,1,Senior Analyst,"Seattle, WA",,66764,FALSE,0,FALSE,0,Full-time,Terminated,8/30/2020,2/28/2021,White,Married,Bachelor,Monthly,TRUE,FALSE,CC1012,1,Non-exempt,FALSE,Not in plan,FALSE,2,6/30/2021,0,
122,Riley,Smith,Female,she/her,39,11/30/1981,Engineering,Tech,3,VP,"New York, NY",,116126,FALSE,0,TRUE,0.0108,Full-time,Terminated,11/30/2020,8/30/2023,White,Married,Bachelor,Monthly,FALSE,FALSE,CC1016,0.8,Exempt,TRUE,In plan,FALSE,0,,0,
123,Robin,Jones,Male,she/her,27,4/30/1994,Engineering,Tech,2,Senior Analyst,"New York, NY",,97470,FALSE,0,FALSE,0,Full-time,Terminated,4/30/2021,5/30/2021,White,Single,Master,Monthly,FALSE,FALSE,CC1013,1,Exempt,FALSE,Not in plan,FALSE,0,,0,
124,Robin,Davis,Male,he/him,36,6/30/1984,Customer Success,Commercial,2,Director,Remote,,75050,FALSE,0,FALSE,0,Full-time,Active,6/30/2020,,White,Single,Master,Monthly,FALSE,FALSE,CC1010,1,Exempt,FALSE,Not in plan,FALSE,1,2/28/2021,0,
125,Alex,Davis,Female,he/him,39,1/30/1982,Engineering,Tech,2,Analyst,"San Francisco, CA",,118096,FALSE,0,FALSE,0,Full-time,Active,1/30/2021,,White,Single,Bachelor,Monthly,FALSE,FALSE,CC1009,1,Exempt,FALSE,Not in plan,FALSE,2,8/30/2021,0,
126,Casey,Wilson,Male,he/him,28,12/30/1992,Support,Tech,1,Director,"Austin, TX",,57901,FALSE,0,FALSE,0,Full-time,Terminated,12/30/2020,5/30/2021,White,Married,Bachelor,Monthly,FALSE,FALSE,CC1014,1,Non-exempt,FALSE,Not in plan,FALSE,0,,0,
127,Alex,Davis,Male,she/her,34,6/30/1985,Engineering,Tech,1,Analyst,"Austin, TX",,140935,FALSE,0,FALSE,0,Full-time,Active,6/30/2019,,White,Married,Associate,Monthly,FALSE,FALSE,CC1006,1,Non-exempt,FALSE,Not in plan,FALSE,0,,0,
128,Cameron,Rodriguez,Male,he/him,47,5/30/1972,Customer Success,Commercial,1,Senior Analyst,"New York, NY",,72727,FALSE,0,TRUE,0.012,Contractor,Terminated,5/30/2019,6/30/2019,White,Married,Master,Monthly,FALSE,FALSE,CC1016,1,Non-exempt,FALSE,Not in plan,FALSE,0,,0,
129,Jamie,Jones,Female,she/her,36,12/30/1983,Sales,Commercial,3,Manager,"Seattle, WA",,97774,TRUE,0.051,TRUE,0.0582,Full-time,Active,12/30/2019,,White,Married,Bachelor,Monthly,FALSE,FALSE,CC1013,1,Exempt,FALSE,Not in plan,FALSE,1,9/30/2020,0,
130,Jordan,Williams,Male,he/him,33,9/30/1987,Engineering,Tech,3,VP,"San Francisco, CA",,112941,FALSE,0,TRUE,0.0438,Full-time,Active,9/30/2020,,Asian,Widowed,Bachelor,Monthly,FALSE,FALSE,CC1013,1,Exempt,TRUE,In plan,FALSE,1,7/30/2021,0,
131,Jordan,Smith,Male,she/her,34,6/30/1986,Sales,Commercial,2,Director,"New York, NY",,84788,TRUE,0.164,TRUE,0.0287,Full-time,Active,6/30/2020,,Asian,Married,Bachelor,Monthly,FALSE,FALSE,CC1015,0.8,Exempt,FALSE,Not in plan,FALSE,2,4/30/2021,0,
132,Drew,Miller,Male,she/her,36,5/30/1984,Product,Tech,3,Senior Analyst,"Austin, TX",,96485,TRUE,0.062,TRUE,0.0445,Full-time,Terminated,5/30/2020,7/30/2020,White,Married,Bachelor,Monthly,FALSE,FALSE,CC1005,0.8,Exempt,FALSE,Not in plan,FALSE,2,4/30/2021,0,
133,Jamie,Miller,Male,she/her,32,1/30/1989,Operations,Corporate,3,Senior Analyst,"Seattle, WA",,79158,FALSE,0,TRUE,0.0128,Full-time,Active,1/30/2021,,Hispanic,Married,Bachelor,Monthly,FALSE,TRUE,CC1017,0.8,Exempt,FALSE,Not in plan,FALSE,2,7/30/2021,0,
134,Jordan,Garcia,Male,she/her,39,11/30/1980,Product,Tech,5,Manager,"Austin, TX",,116737,TRUE,0.098,FALSE,0,Part-time,Active,11/30/2019,,White,Married,High School,Monthly,FALSE,FALSE,CC1005,1,Exempt,FALSE,Not in plan,FALSE,0,,0,
135,Drew,Williams,Female,he/him,22,6/30/1997,Engineering,Tech,2,Manager,"Austin, TX",,102299,FALSE,0,TRUE,0.0306,Full-time,Terminated,6/30/2019,2/28/2025,White,Divorced,Bachelor,Monthly,FALSE,FALSE,CC1018,1,Exempt,FALSE,Not in plan,FALSE,2,5/30/2020,0,
136,Jamie,Miller,Male,she/her,34,11/30/1985,HR,Corporate,2,Analyst,"San Francisco, CA",,65424,FALSE,0,TRUE,0.0829,Full-time,Terminated,11/30/2019,5/30/2024,Black,Single,Bachelor,Monthly,FALSE,FALSE,CC1017,1,Exempt,FALSE,Not in plan,FALSE,4,7/30/2020,0,
137,Jordan,Jones,Female,she/her,35,4/30/1985,Engineering,Tech,2,Senior Manager,"San Francisco, CA",,116395,FALSE,0,TRUE,0.0646,Part-time,Terminated,4/30/2020,7/30/2020,White,Married,Bachelor,Monthly,FALSE,FALSE,CC1015,1,Exempt,FALSE,Not in plan,FALSE,0,,0,
138,Casey,Jones,Female,she/her,33,10/30/1986,Product,Tech,1,Senior Manager,"New York, NY",,115002,FALSE,0,TRUE,0.0702,Part-time,Active,10/30/2019,,Asian,Married,Master,Monthly,FALSE,FALSE,CC1019,1,Non-exempt,FALSE,Not in plan,FALSE,1,3/30/2020,0,
139,Cameron,Garcia,Male,he/him,37,9/30/1983,Engineering,Tech,1,Senior Analyst,"New York, NY",,105384,FALSE,0,TRUE,0.0156,Full-time,Terminated,9/30/2020,4/30/2024,White,Single,Bachelor,Monthly,FALSE,FALSE,CC1001,0.8,Non-exempt,FALSE,Not in plan,FALSE,0,,0,
140,Drew,Garcia,Male,he/him,32,11/30/1988,Operations,Corporate,1,VP,"San Francisco, CA",,77250,FALSE,0,TRUE,0.0753,Full-time,Active,11/30/2020,,White,Married,Master,Monthly,FALSE,FALSE,CC1006,1,Non-exempt,FALSE,Not in plan,FALSE,0,,0,
141,Jordan,Rodriguez,Female,she/her,31,8/30/1988,Product,Tech,2,VP,"Seattle, WA",,121394,FALSE,0,TRUE,0.0913,Part-time,Terminated,8/30/2019,2/28/2023,White,Married,Bachelor,Monthly,FALSE,FALSE,CC1003,0.5,Exempt,FALSE,Not in plan,FALSE,0,,0,
142,Cameron,Jones,Male,he/him,37,11/30/1983,Sales,Commercial,4,VP,"Austin, TX",,86126,TRUE,0.106,TRUE,0.0431,Full-time,Active,11/30/2020,,White,Married,Master,Monthly,FALSE,FALSE,CC1008,1,Exempt,FALSE,Not in plan,FALSE,2,9/30/2021,0,
143,Alex,Brown,Male,he/him,36,11/30/1983,Engineering,Tech,1,Senior Analyst,Remote,,100016,FALSE,0,TRUE,0.0932,Full-time,Terminated,11/30/2019,7/30/2020,White,Single,Master,Monthly,FALSE,FALSE,CC1017,1,Non-exempt,FALSE,Not in plan,FALSE,1,1/30/2020,0,
144,Morgan,Jones,Male,she/her,38,4/30/1982,Marketing,Commercial,3,Director,"San Francisco, CA",,70983,TRUE,0.133,TRUE,0.0855,Full-time,Terminated,4/30/2020,3/30/2021,Hispanic,Married,Bachelor,Monthly,FALSE,FALSE,CC1013,0.5,Exempt,FALSE,Not in plan,FALSE,2,7/30/2020,0,
145,Jamie,Smith,Male,she/her,35,6/30/1985,Support,Tech,1,Senior Director,"San Francisco, CA",,66397,FALSE,0,TRUE,0.0798,Full-time,Terminated,6/30/2020,6/30/2021,Asian,Single,PhD,Monthly,FALSE,FALSE,CC1016,1,Non-exempt,FALSE,Not in plan,FALSE,2,12/30/2020,0,
146,Casey,Wilson,Male,she/her,22,12/30/1997,Sales,Commercial,3,Senior Manager,"New York, NY",,95211,TRUE,0.116,TRUE,0.0409,Full-time,Terminated,12/30/2019,3/30/2020,White,Single,Bachelor,Monthly,FALSE,FALSE,CC1008,1,Exempt,FALSE,Not in plan,FALSE,0,,0,
147,Robin,Johnson,Male,he/him,24,4/30/1996,Engineering,Tech,1,Manager,"Seattle, WA",,130245,TRUE,0.051,TRUE,0.0697,Full-time,Active,4/30/2020,,Asian,Married,Master,Monthly,FALSE,FALSE,CC1015,1,Non-exempt,FALSE,Not in plan,FALSE,0,,0,
148,Alex,Brown,Male,she/her,22,9/30/1997,Marketing,Commercial,1,Senior Manager,"Seattle, WA",,82160,FALSE,0,TRUE,0.0451,Full-time,Active,9/30/2019,,Hispanic,Single,High School,Monthly,FALSE,FALSE,CC1002,1,Non-exempt,FALSE,Not in plan,FALSE,1,10/30/2019,0,
149,Jamie,Jones,Male,he/him,28,9/30/1992,Finance,Corporate,1,Manager,"Austin, TX",,82888,FALSE,0,TRUE,0.0693,Full-time,Active,9/30/2020,,Hispanic,Single,Bachelor,Monthly,FALSE,FALSE,CC1008,1,Non-exempt,FALSE,Not in plan,FALSE,0,,0,
150,Robin,Smith,Male,he/him,24,9/30/1995,Finance,Corporate,1,Director,"Seattle, WA",,90552,TRUE,0.184,TRUE,0.0242,Full-time,Active,9/30/2019,,White,Single,Master,Monthly,FALSE,FALSE,CC1002,1,Non-exempt,FALSE,Not in plan,FALSE,1,10/30/2019,0,
151,Cameron,Williams,Male,she/her,33,8/30/1986,Finance,Corporate,4,Senior Analyst,"Austin, TX",,78549,TRUE,0.148,FALSE,0,Full-time,Active,8/30/2019,,White,Single,Bachelor,Monthly,FALSE,FALSE,CC1010,1,Exempt,FALSE,Not in plan,FALSE,0,,0,
152,Drew,Garcia,Male,he/him,45,2/28/1976,Marketing,Commercial,2,Director,"San Francisco, CA",,77146,FALSE,0,TRUE,0.0241,Full-time,Terminated,2/28/2021,12/28/2023,Hispanic,Married,Bachelor,Monthly,FALSE,FALSE,CC1007,1,Exempt,FALSE,Not in plan,FALSE,0,,0,
153,Jamie,Garcia,Male,he/him,25,9/30/1995,Engineering,Tech,1,Senior Analyst,"Seattle, WA",,108192,FALSE,0,TRUE,0.0842,Full-time,Terminated,9/30/2020,10/30/2023,White,Married,Master,Monthly,FALSE,FALSE,CC1005,1,Non-exempt,FALSE,Not in plan,FALSE,1,1/30/2021,0,
154,Cameron,Williams,Female,she/her,26,11/30/1994,Engineering,Tech,1,Senior Director,Remote,,134318,FALSE,0,TRUE,0.0444,Full-time,Terminated,11/30/2020,6/30/2023,White,Married,PhD,Monthly,FALSE,FALSE,CC1017,1,Non-exempt,FALSE,Not in plan,FALSE,1,3/30/2021,0,
155,Robin,Johnson,Male,he/him,36,6/30/1983,Engineering,Tech,1,VP,Remote,,123017,TRUE,0.074,TRUE,0.0169,Full-time,Active,6/30/2019,,White,Divorced,Bachelor,Monthly,FALSE,FALSE,CC1001,0.5,Non-exempt,FALSE,Not in plan,FALSE,0,,0,
156,Taylor,Johnson,Female,she/her,26,12/30/1993,HR,Corporate,1,Senior Manager,Remote,,68909,FALSE,0,TRUE,0.0738,Full-time,Terminated,12/30/2019,2/28/2021,White,Single,Bachelor,Monthly,FALSE,FALSE,CC1010,0.8,Non-exempt,FALSE,Not in plan,FALSE,2,6/30/2020,0,
157,Morgan,Davis,Male,she/her,33,2/28/1987,Sales,Commercial,1,Senior Manager,"Seattle, WA",,84082,TRUE,0.082,TRUE,0.0367,Contractor,Terminated,2/29/2020,3/29/2020,White,Married,Bachelor,Monthly,FALSE,FALSE,CC1017,1,Non-exempt,TRUE,In plan,FALSE,1,8/29/2020,0,
158,Riley,Brown,Female,he/him,30,1/30/1991,Engineering,Tech,2,Analyst,"San Francisco, CA",,102862,FALSE,0,TRUE,0.0141,Full-time,Active,1/30/2021,,White,Single,High School,Monthly,FALSE,TRUE,CC1008,1,Exempt,FALSE,Not in plan,FALSE,2,4/30/2021,0,
159,Jordan,Brown,Male,she/her,34,8/30/1985,Finance,Corporate,1,VP,"Seattle, WA",,102881,FALSE,0,TRUE,0.0802,Full-time,Active,8/30/2019,,White,Single,Master,Monthly,FALSE,FALSE,CC1009,0.8,Non-exempt,FALSE,Not in plan,FALSE,0,,0,
160,Cameron,Johnson,Female,she/her,42,6/30/1978,Finance,Corporate,2,Senior Analyst,"Austin, TX",,74986,FALSE,0,TRUE,0.0792,Full-time,Active,6/30/2020,,White,Single,Bachelor,Monthly,FALSE,FALSE,CC1004,1,Exempt,FALSE,Not in plan,FALSE,1,8/30/2020,0,
161,Cameron,Rodriguez,Male,he/him,32,3/30/1989,Engineering,Tech,2,Analyst,"Seattle, WA",,116139,FALSE,0,TRUE,0.067,Full-time,Active,3/30/2021,,Asian,Married,Bachelor,Monthly,FALSE,TRUE,CC1009,1,Exempt,FALSE,Not in plan,FALSE,2,9/30/2021,0,
162,Casey,Miller,Female,she/her,34,1/30/1987,HR,Corporate,2,Senior Analyst,"Austin, TX",,76143,FALSE,0,TRUE,0.0174,Contractor,Active,1/30/2021,,Asian,Single,Bachelor,Monthly,FALSE,FALSE,CC1016,1,Exempt,FALSE,Not in plan,FALSE,0,,0,
163,Alex,Rodriguez,Male,she/her,38,5/30/1982,Finance,Corporate,1,Senior Director,"San Francisco, CA",,82325,TRUE,0.157,TRUE,0.0329,Full-time,Terminated,5/30/2020,1/30/2025,White,Married,PhD,Monthly,FALSE,FALSE,CC1005,0.8,Non-exempt,FALSE,Not in plan,FALSE,1,1/30/2021,0,
164,Alex,Brown,Male,he/him,28,6/30/1991,Engineering,Tech,3,Manager,Remote,,117793,FALSE,0,TRUE,0.0462,Full-time,Active,6/30/2019,,White,Single,Associate,Monthly,FALSE,FALSE,CC1011,1,Exempt,FALSE,Not in plan,FALSE,2,5/30/2020,0,
165,Robin,Miller,Male,she/her,29,4/30/1991,Engineering,Tech,2,Senior Analyst,"San Francisco, CA",,128450,FALSE,0,TRUE,0.0587,Full-time,Active,4/30/2020,,Hispanic,Single,Bachelor,Monthly,FALSE,FALSE,CC1009,0.8,Exempt,TRUE,In plan,FALSE,1,10/30/2020,0,
166,Drew,Smith,Non-binary,she/her,29,12/30/1990,Support,Tech,2,Director,"New York, NY",,72555,TRUE,0.165,TRUE,0.0398,Full-time,Terminated,12/30/2019,9/30/2021,Asian,Married,Bachelor,Monthly,FALSE,FALSE,CC1012,1,Exempt,FALSE,Not in plan,FALSE,1,3/30/2020,0,
167,Casey,Williams,Female,ze/zir,22,4/30/1999,Sales,Commercial,1,Analyst,"Austin, TX",,83826,TRUE,0.149,TRUE,0.0683,Full-time,Terminated,4/30/2021,1/30/2024,White,Divorced,Bachelor,Monthly,FALSE,FALSE,CC1009,1,Non-exempt,FALSE,Not in plan,FALSE,1,9/30/2021,0,
168,Casey,Smith,Female,she/her,28,3/30/1993,Engineering,Tech,1,Senior Manager,"Austin, TX",,116864,TRUE,0.135,FALSE,0,Full-time,Terminated,3/30/2021,11/30/2022,Black,Single,Bachelor,Monthly,FALSE,FALSE,CC1016,1,Non-exempt,FALSE,Not in plan,FALSE,1,9/30/2021,0,
169,Jordan,Brown,Female,he/him,37,6/30/1983,Engineering,Tech,2,Director,"Austin, TX",,110237,FALSE,0,TRUE,0.0906,Full-time,Terminated,6/30/2020,7/30/2024,White,Married,Bachelor,Monthly,FALSE,TRUE,CC1000,1,Exempt,FALSE,Not in plan,FALSE,0,,0,
170,Riley,Johnson,Female,she/her,24,5/30/1996,Sales,Commercial,1,Senior Analyst,"Austin, TX",,85210,TRUE,0.09,TRUE,0.0161,Full-time,Active,5/30/2020,,White,Married,Bachelor,Monthly,TRUE,FALSE,CC1013,1,Non-exempt,FALSE,Not in plan,TRUE,1,11/30/2020,0,
171,Jamie,Jones,Female,she/her,38,12/30/1982,Engineering,Tech,2,VP,"San Francisco, CA",,106307,FALSE,0,TRUE,0.0638,Full-time,Terminated,12/30/2020,11/30/2023,White,Divorced,Master,Monthly,FALSE,FALSE,CC1014,1,Exempt,TRUE,In plan,FALSE,1,9/30/2021,0,
172,Morgan,Rodriguez,Female,she/her,22,3/30/1998,Sales,Commercial,2,Analyst,"San Francisco, CA",,102163,TRUE,0.069,TRUE,0.0567,Full-time,Terminated,3/30/2020,5/30/2023,Asian,Widowed,Bachelor,Monthly,FALSE,FALSE,CC1012,1,Exempt,FALSE,Not in plan,FALSE,0,,0,
173,Cameron,Rodriguez,Male,he/him,26,10/30/1993,Engineering,Tech,4,Senior Director,"Seattle, WA",,113817,FALSE,0,TRUE,0.0313,Full-time,Active,10/30/2019,,Hispanic,Married,Bachelor,Monthly,FALSE,FALSE,CC1011,1,Exempt,FALSE,Not in plan,FALSE,2,4/30/2020,0,
174,Cameron,Rodriguez,Female,she/her,32,4/30/1988,Engineering,Tech,3,Senior Manager,"Austin, TX",,120474,FALSE,0,FALSE,0,Full-time,Active,4/30/2020,,White,Single,Bachelor,Monthly,FALSE,FALSE,CC1015,1,Exempt,FALSE,Not in plan,FALSE,0,,0,
175,Taylor,Garcia,Male,she/her,43,1/30/1977,Marketing,Commercial,2,Senior Director,Remote,,70650,FALSE,0,TRUE,0.069,Full-time,Active,1/30/2020,,Asian,Single,Associate,Monthly,FALSE,FALSE,CC1006,0.8,Exempt,FALSE,Not in plan,FALSE,2,11/30/2020,0,
176,Alex,Davis,Male,she/her,35,9/30/1985,Engineering,Tech,1,Analyst,"Austin, TX",,115567,TRUE,0.16,TRUE,0.0626,Contractor,Active,9/30/2020,,Hispanic,Married,Associate,Monthly,FALSE,FALSE,CC1012,1,Non-exempt,FALSE,Not in plan,FALSE,1,11/30/2020,0,
177,Jordan,Williams,Female,she/her,26,1/30/1994,Sales,Commercial,1,Senior Manager,"Seattle, WA",,82243,TRUE,0.115,TRUE,0.0631,Full-time,Terminated,1/30/2020,8/30/2024,White,Single,Bachelor,Monthly,FALSE,FALSE,CC1017,1,Non-exempt,FALSE,Not in plan,FALSE,0,,0,
178,Robin,Rodriguez,Male,he/him,38,9/30/1982,Customer Success,Commercial,2,VP,"Seattle, WA",,56498,FALSE,0,FALSE,0,Contractor,Active,9/30/2020,,White,Single,Master,Monthly,FALSE,FALSE,CC1008,1,Exempt,TRUE,In plan,FALSE,0,,0,
179,Cameron,Jones,Male,she/her,28,1/30/1993,Sales,Commercial,1,VP,"San Francisco, CA",,99737,TRUE,0.106,FALSE,0,Full-time,Terminated,1/30/2021,8/30/2021,Hispanic,Single,Associate,Monthly,FALSE,FALSE,CC1006,1,Non-exempt,FALSE,Not in plan,FALSE,0,,0,
180,Riley,Brown,Female,he/him,23,6/30/1997,Engineering,Tech,3,Analyst,"New York, NY",,112406,FALSE,0,FALSE,0,Full-time,Terminated,6/30/2020,10/30/2021,Black,Divorced,Bachelor,Monthly,FALSE,FALSE,CC1014,1,Exempt,FALSE,Not in plan,FALSE,1,7/30/2020,0,
181,Jamie,Wilson,Female,he/him,36,4/30/1984,HR,Corporate,1,Analyst,"Seattle, WA",,76063,FALSE,0,TRUE,0.0375,Full-time,Terminated,4/30/2020,10/30/2023,Hispanic,Single,Bachelor,Monthly,FALSE,FALSE,CC1006,0.8,Non-exempt,FALSE,Not in plan,FALSE,0,,0,
182,Robin,Smith,Female,he/him,42,10/30/1978,Finance,Corporate,1,VP,"Seattle, WA",,97636,FALSE,0,FALSE,0,Full-time,Active,10/30/2020,,Hispanic,Married,Bachelor,Monthly,FALSE,FALSE,CC1008,1,Non-exempt,FALSE,Not in plan,FALSE,3,11/30/2020,0,
183,Casey,Davis,Female,he/him,30,5/30/1989,Sales,Commercial,3,VP,"New York, NY",,88124,TRUE,0.191,TRUE,0.0798,Full-time,Active,5/30/2019,,Hispanic,Single,Bachelor,Monthly,FALSE,FALSE,CC1011,1,Exempt,FALSE,Not in plan,FALSE,1,2/29/2020,0,
184,Cameron,Miller,Male,he/him,34,11/30/1986,Marketing,Commercial,2,Senior Director,"San Francisco, CA",,88735,FALSE,0,TRUE,0.0477,Full-time,Active,11/30/2020,,Black,Married,Bachelor,Monthly,FALSE,FALSE,CC1006,0.8,Exempt,FALSE,Not in plan,TRUE,1,8/30/2021,0,
185,Drew,Rodriguez,Male,she/her,22,12/30/1998,Product,Tech,3,Manager,"San Francisco, CA",,111184,FALSE,0,FALSE,0,Full-time,Active,12/30/2020,,Hispanic,Married,Bachelor,Monthly,FALSE,FALSE,CC1009,1,Exempt,TRUE,In plan,FALSE,0,,0,
186,Jordan,Wilson,Male,she/her,33,6/30/1986,Customer Success,Commercial,2,Director,"Austin, TX",,64253,FALSE,0,FALSE,0,Full-time,Terminated,6/30/2019,1/30/2022,White,Married,PhD,Monthly,FALSE,FALSE,CC1007,1,Exempt,FALSE,Not in plan,FALSE,1,11/30/2019,0,
187,Robin,Wilson,Male,she/her,41,3/30/1979,Engineering,Tech,1,Analyst,"San Francisco, CA",,114029,FALSE,0,TRUE,0.0485,Full-time,Active,3/30/2020,,Black,Single,Bachelor,Monthly,FALSE,FALSE,CC1018,1,Non-exempt,FALSE,Not in plan,FALSE,0,,0,
188,Drew,Smith,Male,she/her,27,6/30/1992,Sales,Commercial,1,Senior Analyst,"San Francisco, CA",,98917,FALSE,0,TRUE,0.017,Contractor,Active,6/30/2019,,Black,Married,Bachelor,Monthly,FALSE,TRUE,CC1015,1,Non-exempt,FALSE,Not in plan,FALSE,0,,0,
189,Jamie,Jones,Male,he/him,24,6/30/1995,Marketing,Commercial,1,Manager,"Seattle, WA",,67197,TRUE,0.117,FALSE,0,Full-time,Terminated,6/30/2019,11/30/2022,Asian,Married,Associate,Monthly,FALSE,FALSE,CC1005,1,Non-exempt,TRUE,In plan,FALSE,2,10/30/2019,0,
190,Jamie,Rodriguez,Female,she/her,34,4/30/1986,Finance,Corporate,2,Director,"New York, NY",,95984,FALSE,0,TRUE,0.0231,Contractor,Active,4/30/2020,,White,Married,Bachelor,Monthly,FALSE,FALSE,CC1000,1,Exempt,FALSE,Not in plan,FALSE,2,9/30/2020,0,
191,Alex,Wilson,Non-binary,she/her,39,12/30/1980,Finance,Corporate,2,Senior Director,Remote,,85912,FALSE,0,TRUE,0.0821,Full-time,Terminated,12/30/2019,1/30/2020,Hispanic,Married,Bachelor,Monthly,FALSE,TRUE,CC1000,0.8,Exempt,FALSE,Not in plan,FALSE,0,,0,
192,Cameron,Garcia,Male,she/her,37,8/30/1983,Sales,Commercial,1,Analyst,"New York, NY",,86083,TRUE,0.136,TRUE,0.0743,Full-time,Terminated,8/30/2020,9/30/2021,Asian,Single,Associate,Monthly,FALSE,FALSE,CC1019,0.5,Non-exempt,FALSE,Not in plan,FALSE,1,10/30/2020,0,
193,Cameron,Garcia,Female,he/him,33,9/30/1986,Engineering,Tech,3,Senior Analyst,Remote,,96131,FALSE,0,TRUE,0.0965,Full-time,Active,9/30/2019,,White,Single,Master,Monthly,FALSE,FALSE,CC1016,1,Exempt,FALSE,Not in plan,FALSE,4,1/30/2020,0,
194,Cameron,Miller,Male,he/him,45,1/30/1975,Marketing,Commercial,3,Senior Manager,"Seattle, WA",,72459,FALSE,0,TRUE,0.0297,Full-time,Active,1/30/2020,,White,Married,High School,Monthly,FALSE,FALSE,CC1003,0.8,Exempt,FALSE,Not in plan,FALSE,2,9/30/2020,0,
195,Drew,Jones,Male,he/him,39,3/30/1982,Product,Tech,2,Senior Manager,Remote,,96937,FALSE,0,TRUE,0.0731,Part-time,Terminated,3/30/2021,4/30/2024,Asian,Single,Master,Monthly,FALSE,FALSE,CC1003,1,Exempt,FALSE,Not in plan,FALSE,1,10/30/2021,0,
196,Taylor,Miller,Male,she/her,32,1/30/1988,HR,Corporate,1,Manager,"San Francisco, CA",,69929,FALSE,0,TRUE,0.0672,Full-time,Terminated,1/30/2020,10/30/2024,Black,Single,Bachelor,Monthly,FALSE,FALSE,CC1002,1,Non-exempt,FALSE,Not in plan,FALSE,0,,0,
197,Jordan,Rodriguez,Female,he/him,38,6/30/1981,Marketing,Commercial,1,Senior Analyst,"San Francisco, CA",,84347,FALSE,0,TRUE,0.0973,Full-time,Active,6/30/2019,,White,Married,Bachelor,Monthly,FALSE,FALSE,CC1011,1,Non-exempt,FALSE,Not in plan,FALSE,1,10/30/2019,0,
198,Cameron,Brown,Male,he/him,28,1/30/1992,Sales,Commercial,2,Senior Analyst,"San Francisco, CA",,107392,FALSE,0,TRUE,0.0359,Full-time,Active,1/30/2020,,White,Married,Bachelor,Monthly,FALSE,TRUE,CC1005,1,Exempt,FALSE,Not in plan,FALSE,0,,0,
199,Morgan,Garcia,Male,he/him,23,9/30/1997,Customer Success,Commercial,3,Senior Manager,Remote,,51548,FALSE,0,TRUE,0.0554,Full-time,Terminated,9/30/2020,3/30/2024,Hispanic,Married,Associate,Monthly,FALSE,FALSE,CC1006,1,Exempt,FALSE,Not in plan,FALSE,1,12/30/2020,0,
200,Jordan,Miller,Female,he/him,40,10/30/1979,Engineering,Tech,2,Analyst,Remote,,123261,FALSE,0,FALSE,0,Full-time,Terminated,10/30/2019,8/30/2020,White,Single,Bachelor,Monthly,FALSE,FALSE,CC1015,1,Exempt,FALSE,Not in plan,FALSE,2,4/30/2020,0,
201,Taylor,Williams,Female,she/her,27,4/30/1993,Engineering,Tech,4,Director,Remote,,120415,FALSE,0,TRUE,0.0455,Part-time,Terminated,4/30/2020,8/30/2022,Asian,Single,Bachelor,Monthly,FALSE,FALSE,CC1012,1,Exempt,FALSE,Not in plan,FALSE,0,,0,
202,Drew,Garcia,Female,she/her,25,11/30/1994,Engineering,Tech,3,Analyst,"New York, NY",,132647,FALSE,0,FALSE,0,Contractor,Active,11/30/2019,,White,Single,Bachelor,Monthly,FALSE,FALSE,CC1015,1,Exempt,FALSE,Not in plan,FALSE,1,9/30/2020,0,
203,Alex,Rodriguez,Female,she/her,41,12/30/1979,Engineering,Tech,4,Director,"Austin, TX",,115351,FALSE,0,FALSE,0,Full-time,Terminated,12/30/2020,11/30/2024,Asian,Married,Bachelor,Monthly,FALSE,FALSE,CC1018,1,Exempt,FALSE,Not in plan,FALSE,0,,0,
204,Riley,Williams,Male,she/her,26,10/30/1993,Engineering,Tech,2,Analyst,Remote,,99488,TRUE,0.192,TRUE,0.0394,Full-time,Terminated,10/30/2019,2/29/2024,Asian,Married,Bachelor,Monthly,FALSE,FALSE,CC1011,1,Exempt,FALSE,Not in plan,FALSE,1,9/30/2020,0,
205,Taylor,Wilson,Female,he/him,41,5/30/1978,Engineering,Tech,1,Senior Manager,"Austin, TX",,112780,TRUE,0.154,TRUE,0.0135,Full-time,Terminated,5/30/2019,2/29/2024,Other,Married,Bachelor,Monthly,FALSE,FALSE,CC1015,1,Non-exempt,FALSE,Not in plan,FALSE,1,9/30/2019,0,
206,Riley,Smith,Male,she/her,28,2/28/1993,Marketing,Commercial,2,VP,Remote,,79723,TRUE,0.074,TRUE,0.084,Full-time,Active,2/28/2021,,Asian,Married,Master,Monthly,FALSE,FALSE,CC1013,1,Exempt,FALSE,Not in plan,FALSE,1,7/28/2021,0,
207,Jordan,Johnson,Male,they/them,24,1/30/1997,Product,Tech,2,Senior Director,"New York, NY",,109326,FALSE,0,TRUE,0.0212,Contractor,Active,1/30/2021,,White,Married,Associate,Monthly,FALSE,TRUE,CC1019,1,Exempt,FALSE,Not in plan,TRUE,1,9/30/2021,0,
208,Alex,Brown,Male,he/him,41,4/30/1980,Support,Tech,4,VP,"San Francisco, CA",,54823,FALSE,0,FALSE,0,Full-time,Active,4/30/2021,,White,Single,PhD,Monthly,FALSE,FALSE,CC1012,1,Exempt,FALSE,Not in plan,FALSE,0,,0,
209,Riley,Davis,Male,he/him,33,4/30/1987,Customer Success,Commercial,1,Director,"Austin, TX",,77635,FALSE,0,TRUE,0.083,Contractor,Terminated,4/30/2020,8/30/2023,Hispanic,Single,PhD,Monthly,FALSE,TRUE,CC1014,1,Non-exempt,FALSE,Not in plan,FALSE,0,,0,
210,Morgan,Miller,Female,she/her,25,11/30/1994,Operations,Corporate,3,Senior Manager,Remote,,67652,TRUE,0.091,TRUE,0.0366,Full-time,Terminated,11/30/2019,1/30/2020,White,Single,Master,Monthly,FALSE,TRUE,CC1000,1,Exempt,FALSE,Not in plan,FALSE,2,2/29/2020,0,
211,Casey,Smith,Male,she/her,30,4/30/1990,Engineering,Tech,1,Senior Director,"Austin, TX",,115057,FALSE,0,TRUE,0.0877,Full-time,Active,4/30/2020,,White,Married,Bachelor,Monthly,FALSE,FALSE,CC1017,1,Non-exempt,FALSE,Not in plan,FALSE,1,7/30/2020,0,
212,Jordan,Jones,Female,she/her,30,2/28/1991,Product,Tech,1,Senior Director,"Seattle, WA",,120154,TRUE,0.16,TRUE,0.0144,Full-time,Active,2/28/2021,,Asian,Single,Bachelor,Monthly,FALSE,FALSE,CC1005,0.8,Non-exempt,FALSE,Not in plan,FALSE,1,3/28/2021,0,
213,Jamie,Rodriguez,Female,she/her,35,1/30/1986,Engineering,Tech,2,Senior Analyst,"New York, NY",,112680,FALSE,0,TRUE,0.0833,Full-time,Active,1/30/2021,,Asian,Divorced,Bachelor,Monthly,FALSE,FALSE,CC1015,1,Exempt,FALSE,Not in plan,FALSE,0,,0,
214,Alex,Brown,Male,he/him,27,5/30/1992,Sales,Commercial,1,Senior Manager,Remote,,96330,TRUE,0.117,TRUE,0.0745,Full-time,Active,5/30/2019,,Black,Married,Associate,Monthly,FALSE,TRUE,CC1005,1,Non-exempt,FALSE,Not in plan,FALSE,1,9/30/2019,0,
215,Casey,Wilson,Male,he/him,35,3/30/1986,Operations,Corporate,4,VP,Remote,,72090,FALSE,0,TRUE,0.0649,Contractor,Active,3/30/2021,,Hispanic,Married,Bachelor,Monthly,FALSE,FALSE,CC1004,1,Exempt,FALSE,Not in plan,FALSE,2,2/28/2022,0,
216,Jamie,Johnson,Female,he/him,30,4/30/1990,Sales,Commercial,2,VP,Remote,,91379,FALSE,0,TRUE,0.0196,Full-time,Active,4/30/2020,,White,Married,Associate,Monthly,FALSE,FALSE,CC1004,0.8,Exempt,FALSE,Not in plan,FALSE,0,,0,
217,Riley,Miller,Male,he/him,36,11/30/1983,Engineering,Tech,2,Senior Analyst,"New York, NY",,98299,TRUE,0.138,TRUE,0.0572,Full-time,Active,11/30/2019,,Black,Divorced,Bachelor,Monthly,FALSE,FALSE,CC1012,1,Exempt,FALSE,Not in plan,FALSE,0,,0,
218,Morgan,Davis,Female,they/them,37,11/30/1983,Finance,Corporate,4,Senior Director,"Seattle, WA",,59109,FALSE,0,FALSE,0,Full-time,Active,11/30/2020,,Black,Divorced,High School,Monthly,FALSE,FALSE,CC1006,0.5,Exempt,FALSE,Not in plan,FALSE,2,2/28/2021,0,
219,Jamie,Smith,Female,he/him,33,2/28/1988,Product,Tech,3,Senior Analyst,"San Francisco, CA",,105765,FALSE,0,TRUE,0.0936,Full-time,Terminated,2/28/2021,1/28/2022,Asian,Married,Associate,Monthly,FALSE,FALSE,CC1009,1,Exempt,FALSE,Not in plan,FALSE,1,12/28/2021,0,
220,Morgan,Smith,Male,he/him,33,9/30/1987,Product,Tech,3,Senior Analyst,"New York, NY",,114078,FALSE,0,FALSE,0,Part-time,Terminated,9/30/2020,2/29/2024,Black,Married,Bachelor,Monthly,FALSE,FALSE,CC1019,1,Exempt,FALSE,Not in plan,FALSE,1,7/30/2021,0,
221,Riley,Brown,Male,he/him,34,7/30/1986,Product,Tech,1,Senior Manager,"San Francisco, CA",,103115,TRUE,0.2,TRUE,0.0356,Contractor,Active,7/30/2020,,Other,Married,Bachelor,Monthly,FALSE,FALSE,CC1004,0.8,Non-exempt,FALSE,Not in plan,FALSE,1,4/30/2021,0,
222,Alex,Davis,Female,he/him,47,8/30/1972,Customer Success,Commercial,3,VP,Remote,,78702,FALSE,0,TRUE,0.0955,Full-time,Terminated,8/30/2019,7/30/2022,Hispanic,Married,High School,Monthly,FALSE,FALSE,CC1002,0.8,Exempt,FALSE,Not in plan,FALSE,2,6/30/2020,0,
223,Cameron,Brown,Female,he/him,25,2/28/1996,Engineering,Tech,2,Manager,Remote,,128106,FALSE,0,FALSE,0,Contractor,Active,2/28/2021,,Hispanic,Single,PhD,Monthly,FALSE,FALSE,CC1006,1,Exempt,FALSE,Not in plan,FALSE,1,4/28/2021,0,
224,Jamie,Brown,Female,she/her,34,8/30/1986,Marketing,Commercial,1,Senior Director,"San Francisco, CA",,68980,TRUE,0.066,TRUE,0.0816,Full-time,Terminated,8/30/2020,4/30/2021,Hispanic,Married,Bachelor,Monthly,FALSE,FALSE,CC1003,1,Non-exempt,FALSE,Not in plan,FALSE,0,,0,
225,Morgan,Brown,Female,she/her,40,3/30/1981,Finance,Corporate,3,Senior Director,"New York, NY",,84060,TRUE,0.051,TRUE,0.0717,Full-time,Terminated,3/30/2021,12/30/2023,Hispanic,Married,Bachelor,Monthly,FALSE,FALSE,CC1017,1,Exempt,FALSE,Not in plan,FALSE,1,4/30/2021,0,
226,Drew,Smith,Female,he/him,30,7/30/1990,Product,Tech,1,Director,"Seattle, WA",,135225,FALSE,0,TRUE,0.0747,Full-time,Terminated,7/30/2020,6/30/2023,Asian,Married,Associate,Monthly,FALSE,FALSE,CC1013,0.5,Non-exempt,FALSE,Not in plan,FALSE,0,,0,
227,Jordan,Wilson,Male,she/her,39,7/30/1981,Operations,Corporate,4,Senior Manager,"Seattle, WA",,61395,FALSE,0,FALSE,0,Full-time,Terminated,7/30/2020,11/30/2020,Hispanic,Married,Bachelor,Monthly,FALSE,FALSE,CC1008,1,Exempt,FALSE,Not in plan,FALSE,1,10/30/2020,0,
228,Jamie,Rodriguez,Male,he/him,42,6/30/1977,Customer Success,Commercial,1,Director,Remote,,76137,FALSE,0,TRUE,0.0759,Full-time,Terminated,6/30/2019,4/30/2020,Asian,Married,Associate,Monthly,FALSE,FALSE,CC1012,1,Non-exempt,FALSE,Not in plan,FALSE,0,,0,
229,Drew,Smith,Female,he/him,31,12/30/1988,Finance,Corporate,1,Senior Director,"New York, NY",,85689,FALSE,0,TRUE,0.0555,Full-time,Terminated,12/30/2019,5/30/2021,Other,Married,Master,Monthly,FALSE,FALSE,CC1007,1,Non-exempt,FALSE,Not in plan,FALSE,1,2/29/2020,0,
230,Jamie,Rodriguez,Male,she/her,25,7/30/1995,Sales,Commercial,2,Director,Remote,,86220,TRUE,0.089,FALSE,0,Full-time,Active,7/30/2020,,Asian,Married,Bachelor,Monthly,FALSE,FALSE,CC1006,1,Exempt,FALSE,Not in plan,FALSE,0,,0,
231,Jordan,Miller,Male,she/her,39,11/30/1981,Engineering,Tech,1,Senior Analyst,Remote,,137601,FALSE,0,FALSE,0,Full-time,Terminated,11/30/2020,4/30/2021,White,Married,Associate,Monthly,FALSE,FALSE,CC1012,1,Non-exempt,FALSE,Not in plan,FALSE,0,,0,
232,Jordan,Rodriguez,Female,she/her,37,9/30/1982,Engineering,Tech,5,Senior Director,"New York, NY",,88533,FALSE,0,TRUE,0.0487,Full-time,Terminated,9/30/2019,2/28/2022,Other,Divorced,Bachelor,Monthly,FALSE,FALSE,CC1017,1,Exempt,FALSE,Not in plan,TRUE,1,3/30/2020,0,
233,Jamie,Wilson,Male,he/him,29,1/30/1992,Engineering,Tech,1,Senior Analyst,"San Francisco, CA",,100738,FALSE,0,TRUE,0.0342,Contractor,Terminated,1/30/2021,1/30/2021,White,Married,PhD,Monthly,FALSE,FALSE,CC1015,1,Non-exempt,FALSE,Not in plan,FALSE,1,10/30/2021,0,
234,Morgan,Wilson,Male,she/her,42,4/30/1979,Sales,Commercial,1,VP,"Seattle, WA",,99920,TRUE,0.171,FALSE,0,Full-time,Active,4/30/2021,,Other,Single,Associate,Monthly,FALSE,FALSE,CC1013,1,Non-exempt,FALSE,Not in plan,TRUE,0,,0,
235,Cameron,Rodriguez,Male,he/him,22,3/30/1999,Operations,Corporate,4,Senior Manager,"Austin, TX",,77381,TRUE,0.153,TRUE,0.0789,Full-time,Active,3/30/2021,,Hispanic,Married,Bachelor,Monthly,FALSE,FALSE,CC1018,1,Exempt,FALSE,Not in plan,FALSE,0,,0,
236,Riley,Williams,Female,she/her,38,2/28/1982,Product,Tech,2,Senior Manager,"Austin, TX",,100831,TRUE,0.113,FALSE,0,Part-time,Active,2/29/2020,,Hispanic,Single,Bachelor,Monthly,FALSE,FALSE,CC1017,1,Exempt,FALSE,Not in plan,FALSE,2,7/29/2020,0,
237,Robin,Wilson,Female,he/him,35,7/30/1984,Engineering,Tech,2,Senior Analyst,"Seattle, WA",,132278,FALSE,0,TRUE,0.0556,Full-time,Terminated,7/30/2019,9/30/2022,White,Married,PhD,Monthly,FALSE,FALSE,CC1018,0.8,Exempt,FALSE,Not in plan,FALSE,0,,0,
238,Jamie,Garcia,Male,he/him,53,4/30/1968,Engineering,Tech,3,Director,"Austin, TX",,116332,FALSE,0,FALSE,0,Full-time,Terminated,4/30/2021,11/30/2022,Hispanic,Married,Bachelor,Monthly,FALSE,FALSE,CC1006,1,Exempt,FALSE,Not in plan,FALSE,0,,0,
239,Morgan,Johnson,Male,he/him,33,12/30/1986,Sales,Commercial,3,Analyst,"Seattle, WA",,77789,TRUE,0.113,TRUE,0.0405,Full-time,Active,12/30/2019,,Black,Married,Associate,Monthly,FALSE,FALSE,CC1006,1,Exempt,FALSE,Not in plan,FALSE,1,1/30/2020,0,
240,Cameron,Brown,Male,he/him,38,3/30/1982,Marketing,Commercial,1,Senior Analyst,"Austin, TX",,78409,FALSE,0,TRUE,0.0756,Full-time,Active,3/30/2020,,Black,Single,Bachelor,Monthly,FALSE,FALSE,CC1006,1,Non-exempt,FALSE,Not in plan,FALSE,0,,0,
241,Morgan,Johnson,Male,he/him,44,12/30/1976,HR,Corporate,1,Manager,Remote,,84866,FALSE,0,TRUE,0.0198,Part-time,Terminated,12/30/2020,12/30/2021,White,Single,Bachelor,Monthly,FALSE,FALSE,CC1002,1,Non-exempt,FALSE,Not in plan,FALSE,1,11/30/2021,0,
242,Robin,Jones,Female,ze/zir,33,10/30/1987,Support,Tech,1,VP,"New York, NY",,78648,FALSE,0,TRUE,0.0467,Contractor,Active,10/30/2020,,Hispanic,Single,Associate,Monthly,FALSE,FALSE,CC1010,1,Non-exempt,FALSE,Not in plan,TRUE,2,5/30/2021,0,
243,Jamie,Smith,Male,he/him,32,12/30/1987,Engineering,Tech,1,Senior Director,"Seattle, WA",,115504,FALSE,0,TRUE,0.024,Full-time,Terminated,12/30/2019,11/30/2021,White,Single,Associate,Monthly,FALSE,FALSE,CC1001,1,Non-exempt,FALSE,Not in plan,FALSE,2,8/30/2020,0,
244,Drew,Miller,Male,he/him,42,9/30/1978,Product,Tech,1,VP,"Austin, TX",,102723,TRUE,0.167,TRUE,0.0466,Full-time,Terminated,9/30/2020,12/30/2021,Asian,Single,Bachelor,Monthly,FALSE,FALSE,CC1011,1,Non-exempt,FALSE,Not in plan,FALSE,1,7/30/2021,0,
245,Taylor,Garcia,Female,she/her,45,9/30/1974,Customer Success,Commercial,2,Director,"Seattle, WA",,72136,FALSE,0,TRUE,0.0517,Full-time,Active,9/30/2019,,Asian,Single,Bachelor,Monthly,FALSE,FALSE,CC1014,0.5,Exempt,FALSE,Not in plan,FALSE,1,11/30/2019,0,
246,Jordan,Miller,Female,he/him,42,6/30/1978,Marketing,Commercial,3,Senior Manager,"Seattle, WA",,89957,TRUE,0.105,FALSE,0,Full-time,Active,6/30/2020,,White,Married,Master,Monthly,FALSE,FALSE,CC1007,1,Exempt,FALSE,Not in plan,FALSE,0,,0,
247,Cameron,Davis,Male,she/her,39,8/30/1981,Product,Tech,1,VP,"Seattle, WA",,105686,TRUE,0.053,TRUE,0.012,Full-time,Terminated,8/30/2020,4/30/2022,Hispanic,Married,Bachelor,Monthly,TRUE,FALSE,CC1014,0.8,Non-exempt,FALSE,Not in plan,FALSE,1,5/30/2021,0,
248,Alex,Jones,Male,he/him,42,4/30/1979,Sales,Commercial,1,VP,"San Francisco, CA",,99166,TRUE,0.193,TRUE,0.052,Full-time,Terminated,4/30/2021,10/30/2023,Hispanic,Married,Bachelor,Monthly,FALSE,FALSE,CC1006,1,Non-exempt,FALSE,Not in plan,FALSE,2,8/30/2021,0,
249,Jamie,Brown,Female,she/her,45,11/30/1975,Sales,Commercial,5,VP,"Austin, TX",,83429,TRUE,0.135,FALSE,0,Contractor,Active,11/30/2020,,White,Married,Master,Monthly,FALSE,FALSE,CC1011,1,Exempt,FALSE,Not in plan,FALSE,1,7/30/2021,0,
250,Alex,Brown,Female,she/her,37,2/28/1983,HR,Corporate,2,VP,"Seattle, WA",,65703,FALSE,0,FALSE,0,Part-time,Active,2/29/2020,,White,Married,High School,Monthly,FALSE,FALSE,CC1005,1,Exempt,FALSE,Not in plan,FALSE,1,10/29/2020,0,
251,Casey,Smith,Female,ze/zir,33,12/30/1986,Sales,Commercial,2,Senior Analyst,"Austin, TX",,73786,TRUE,0.169,TRUE,0.0964,Full-time,Active,12/30/2019,,White,Single,Bachelor,Monthly,FALSE,FALSE,CC1011,1,Exempt,FALSE,Not in plan,FALSE,0,,0,
252,Robin,Davis,Female,she/her,33,1/30/1987,Engineering,Tech,1,Senior Director,"San Francisco, CA",,123470,FALSE,0,TRUE,0.0806,Full-time,Terminated,1/30/2020,4/30/2024,Black,Married,Bachelor,Monthly,FALSE,FALSE,CC1005,1,Non-exempt,FALSE,Not in plan,FALSE,0,,0,
253,Riley,Miller,Male,she/her,34,1/30/1986,Marketing,Commercial,4,Analyst,"San Francisco, CA",,76607,FALSE,0,FALSE,0,Contractor,Active,1/30/2020,,Asian,Single,Master,Monthly,FALSE,FALSE,CC1002,1,Exempt,FALSE,Not in plan,FALSE,3,3/30/2020,0,
254,Alex,Brown,Female,he/him,43,4/30/1977,Marketing,Commercial,2,Senior Manager,"Austin, TX",,78069,TRUE,0.129,TRUE,0.0633,Full-time,Terminated,4/30/2020,7/30/2023,White,Single,Bachelor,Monthly,FALSE,FALSE,CC1015,0.8,Exempt,FALSE,Not in plan,FALSE,0,,0,
255,Jamie,Smith,Male,he/him,32,10/30/1988,Engineering,Tech,2,Director,"New York, NY",,130980,TRUE,0.121,TRUE,0.0176,Full-time,Terminated,10/30/2020,4/30/2021,White,Divorced,Master,Monthly,FALSE,FALSE,CC1015,0.8,Exempt,TRUE,In plan,FALSE,3,7/30/2021,0,
256,Jordan,Davis,Female,he/him,34,6/30/1986,Support,Tech,3,Senior Manager,Remote,,66504,FALSE,0,FALSE,0,Full-time,Terminated,6/30/2020,12/30/2023,White,Divorced,High School,Monthly,FALSE,FALSE,CC1005,1,Exempt,TRUE,In plan,FALSE,2,1/30/2021,0,
257,Robin,Smith,Female,she/her,32,8/30/1988,Sales,Commercial,2,Senior Manager,"New York, NY",,79828,TRUE,0.054,TRUE,0.0599,Full-time,Active,8/30/2020,,Black,Married,Bachelor,Monthly,FALSE,FALSE,CC1004,1,Exempt,FALSE,Not in plan,FALSE,1,6/30/2021,0,
258,Jamie,Brown,Male,he/him,35,6/30/1984,Product,Tech,1,Director,"New York, NY",,110664,FALSE,0,FALSE,0,Contractor,Terminated,6/30/2019,10/30/2021,White,Single,Bachelor,Monthly,FALSE,FALSE,CC1000,1,Non-exempt,FALSE,Not in plan,FALSE,0,,0,
259,Taylor,Smith,Female,he/him,31,2/28/1990,Support,Tech,2,Analyst,"Austin, TX",,61683,FALSE,0,TRUE,0.0568,Full-time,Active,2/28/2021,,Black,Married,Master,Monthly,FALSE,FALSE,CC1012,1,Exempt,FALSE,Not in plan,FALSE,2,10/28/2021,0,
260,Cameron,Miller,Male,she/her,43,10/30/1976,Engineering,Tech,3,Manager,"New York, NY",,122032,FALSE,0,TRUE,0.0836,Full-time,Terminated,10/30/2019,11/30/2020,White,Divorced,Associate,Monthly,FALSE,FALSE,CC1008,1,Exempt,FALSE,Not in plan,FALSE,2,9/30/2020,0,
261,Casey,Wilson,Male,she/her,24,2/29/1996,Sales,Commercial,2,Senior Analyst,"New York, NY",,87223,TRUE,0.088,TRUE,0.0221,Full-time,Terminated,2/29/2020,3/29/2023,White,Married,Bachelor,Monthly,FALSE,FALSE,CC1003,1,Exempt,FALSE,Not in plan,FALSE,0,,0,
262,Cameron,Brown,Male,he/him,24,4/30/1997,Finance,Corporate,2,Senior Director,Remote,,91155,FALSE,0,TRUE,0.0565,Full-time,Terminated,4/30/2021,3/30/2022,Asian,Single,Bachelor,Monthly,FALSE,FALSE,CC1009,1,Exempt,FALSE,Not in plan,FALSE,2,12/30/2021,0,
263,Jordan,Smith,Female,she/her,23,7/30/1997,Marketing,Commercial,3,Analyst,"New York, NY",,72654,TRUE,0.084,TRUE,0.0548,Full-time,Terminated,7/30/2020,1/30/2024,Black,Single,High School,Monthly,FALSE,FALSE,CC1014,1,Exempt,FALSE,Not in plan,FALSE,0,,0,
264,Riley,Jones,Male,she/her,41,10/30/1978,Marketing,Commercial,1,Manager,Remote,,81255,FALSE,0,TRUE,0.0607,Contractor,Terminated,10/30/2019,1/30/2020,Hispanic,Single,Master,Monthly,FALSE,FALSE,CC1002,0.8,Non-exempt,FALSE,Not in plan,FALSE,1,1/30/2020,0,
265,Robin,Wilson,Female,he/him,42,12/30/1978,Finance,Corporate,5,Senior Manager,"San Francisco, CA",,83441,FALSE,0,TRUE,0.0158,Contractor,Terminated,12/30/2020,2/28/2023,White,Married,Bachelor,Monthly,FALSE,FALSE,CC1003,1,Exempt,FALSE,Not in plan,FALSE,0,,0,
266,Taylor,Garcia,Male,he/him,39,1/30/1981,Engineering,Tech,2,Director,"Austin, TX",,99606,FALSE,0,TRUE,0.0887,Contractor,Terminated,1/30/2020,7/30/2023,White,Married,Bachelor,Monthly,FALSE,FALSE,CC1000,1,Exempt,FALSE,Not in plan,FALSE,0,,0,
267,Alex,Smith,Male,she/her,23,6/30/1996,Marketing,Commercial,3,Analyst,"Seattle, WA",,90957,FALSE,0,TRUE,0.0385,Full-time,Terminated,6/30/2019,11/30/2023,Hispanic,Single,Master,Monthly,FALSE,FALSE,CC1003,1,Exempt,FALSE,Not in plan,FALSE,4,8/30/2019,0,
268,Jordan,Wilson,Male,they/them,39,3/30/1982,Sales,Commercial,1,Senior Analyst,Remote,,85917,TRUE,0.105,TRUE,0.0243,Contractor,Active,3/30/2021,,White,Single,Associate,Monthly,FALSE,FALSE,CC1018,0.8,Non-exempt,FALSE,Not in plan,FALSE,1,10/30/2021,0,
269,Taylor,Williams,Male,he/him,24,12/30/1995,Support,Tech,2,Senior Analyst,"New York, NY",,70220,FALSE,0,FALSE,0,Full-time,Terminated,12/30/2019,2/28/2022,Black,Married,Bachelor,Monthly,FALSE,FALSE,CC1012,1,Exempt,TRUE,In plan,FALSE,0,,0,
270,Robin,Johnson,Male,she/her,42,9/30/1978,Engineering,Tech,4,Senior Manager,"New York, NY",,121398,TRUE,0.126,TRUE,0.0911,Contractor,Active,9/30/2020,,Asian,Married,Master,Monthly,FALSE,TRUE,CC1017,1,Exempt,FALSE,Not in plan,FALSE,0,,0,
271,Taylor,Miller,Male,she/her,33,2/28/1988,Sales,Commercial,4,Manager,Remote,,100655,TRUE,0.107,TRUE,0.0705,Full-time,Active,2/28/2021,,Hispanic,Married,Master,Monthly,FALSE,FALSE,CC1003,1,Exempt,FALSE,Not in plan,FALSE,0,,0,
272,Drew,Miller,Female,she/her,29,1/30/1991,Finance,Corporate,1,Senior Director,"New York, NY",,84367,FALSE,0,FALSE,0,Full-time,Terminated,1/30/2020,8/30/2022,Hispanic,Married,Master,Monthly,FALSE,FALSE,CC1014,1,Non-exempt,FALSE,Not in plan,FALSE,1,5/30/2020,0,
273,Morgan,Smith,Female,she/her,22,1/30/1998,Operations,Corporate,2,VP,"Austin, TX",,75216,FALSE,0,FALSE,0,Part-time,Active,1/30/2020,,Asian,Single,Associate,Monthly,FALSE,FALSE,CC1011,1,Exempt,FALSE,Not in plan,FALSE,1,3/30/2020,0,
274,Casey,Smith,Female,she/her,30,7/30/1989,Sales,Commercial,2,Senior Director,"San Francisco, CA",,97576,FALSE,0,TRUE,0.0316,Full-time,Terminated,7/30/2019,12/30/2024,White,Married,Bachelor,Monthly,FALSE,FALSE,CC1014,1,Exempt,FALSE,Not in plan,FALSE,1,3/30/2020,0,
275,Taylor,Jones,Male,she/her,36,2/29/1984,Customer Success,Commercial,1,Analyst,Remote,,62033,TRUE,0.184,TRUE,0.0766,Full-time,Terminated,2/29/2020,11/29/2022,White,Married,Bachelor,Monthly,FALSE,FALSE,CC1003,1,Non-exempt,FALSE,Not in plan,FALSE,0,,0,
276,Robin,Johnson,Non-binary,he/him,31,9/30/1988,Finance,Corporate,2,Analyst,"San Francisco, CA",,90469,FALSE,0,TRUE,0.0757,Full-time,Active,9/30/2019,,Black,Married,Master,Monthly,FALSE,FALSE,CC1008,1,Exempt,FALSE,Not in plan,FALSE,0,,0,
277,Drew,Wilson,Male,he/him,30,4/30/1991,Finance,Corporate,2,VP,"San Francisco, CA",,70437,FALSE,0,TRUE,0.0265,Full-time,Active,4/30/2021,,Asian,Married,Associate,Monthly,FALSE,FALSE,CC1000,1,Exempt,FALSE,Not in plan,FALSE,1,6/30/2021,0,
278,Cameron,Garcia,Female,he/him,45,10/30/1974,Marketing,Commercial,1,Senior Analyst,"Austin, TX",,79082,FALSE,0,TRUE,0.0313,Part-time,Active,10/30/2019,,Hispanic,Single,PhD,Monthly,FALSE,FALSE,CC1006,1,Non-exempt,FALSE,Not in plan,FALSE,1,5/30/2020,0,
279,Jordan,Jones,Female,she/her,38,2/28/1983,Support,Tech,1,Senior Manager,"Seattle, WA",,76482,FALSE,0,TRUE,0.0789,Full-time,Active,2/28/2021,,White,Single,Master,Monthly,FALSE,FALSE,CC1006,0.8,Non-exempt,TRUE,In plan,FALSE,0,,0,
280,Robin,Wilson,Female,he/him,28,10/30/1992,Support,Tech,3,Senior Director,"Austin, TX",,70621,TRUE,0.096,TRUE,0.0315,Full-time,Terminated,10/30/2020,1/30/2024,White,Married,Bachelor,Monthly,FALSE,FALSE,CC1008,1,Exempt,FALSE,Not in plan,FALSE,2,9/30/2021,0,
281,Cameron,Miller,Female,he/him,41,8/30/1978,Sales,Commercial,1,Director,Remote,,85080,FALSE,0,TRUE,0.0551,Full-time,Terminated,8/30/2019,11/30/2021,Asian,Married,Master,Monthly,FALSE,FALSE,CC1014,1,Non-exempt,FALSE,Not in plan,FALSE,1,10/30/2019,0,
282,Alex,Davis,Female,he/him,32,7/30/1987,Sales,Commercial,3,VP,"San Francisco, CA",,76299,TRUE,0.067,FALSE,0,Full-time,Active,7/30/2019,,Black,Married,Bachelor,Monthly,FALSE,FALSE,CC1015,1,Exempt,FALSE,Not in plan,FALSE,0,,0,
283,Robin,Smith,Female,she/her,31,12/30/1989,Product,Tech,4,Analyst,"Austin, TX",,101803,FALSE,0,TRUE,0.0605,Full-time,Active,12/30/2020,,White,Single,Master,Monthly,FALSE,FALSE,CC1013,1,Exempt,FALSE,Not in plan,FALSE,1,2/28/2021,0,
284,Morgan,Miller,Male,she/her,25,5/30/1994,Sales,Commercial,2,Manager,"New York, NY",,91220,FALSE,0,TRUE,0.0597,Full-time,Active,5/30/2019,,Hispanic,Married,Bachelor,Monthly,FALSE,FALSE,CC1005,1,Exempt,FALSE,Not in plan,FALSE,0,,0,
285,Casey,Wilson,Male,they/them,32,11/30/1987,Sales,Commercial,3,Senior Director,"Austin, TX",,90387,FALSE,0,FALSE,0,Full-time,Active,11/30/2019,,Hispanic,Single,Master,Monthly,FALSE,FALSE,CC1016,0.5,Exempt,FALSE,Not in plan,FALSE,0,,0,
286,Riley,Rodriguez,Male,she/her,40,5/30/1979,HR,Corporate,1,Senior Analyst,"Seattle, WA",,76485,FALSE,0,TRUE,0.0347,Part-time,Terminated,5/30/2019,2/28/2022,Hispanic,Divorced,Master,Monthly,FALSE,FALSE,CC1017,1,Non-exempt,FALSE,Not in plan,FALSE,0,,0,
287,Riley,Garcia,Non-binary,he/him,28,9/30/1991,Support,Tech,1,Analyst,"Seattle, WA",,77833,FALSE,0,TRUE,0.0832,Full-time,Terminated,9/30/2019,4/30/2023,White,Single,Associate,Monthly,FALSE,FALSE,CC1012,1,Non-exempt,TRUE,In plan,FALSE,2,6/30/2020,0,
288,Casey,Brown,Female,he/him,26,6/30/1994,Engineering,Tech,2,Director,"Seattle, WA",,117500,FALSE,0,TRUE,0.0138,Full-time,Active,6/30/2020,,White,Single,Master,Monthly,FALSE,FALSE,CC1000,1,Exempt,FALSE,Not in plan,FALSE,1,3/30/2021,0,
289,Jordan,Wilson,Female,he/him,27,4/30/1993,Engineering,Tech,2,Senior Manager,"New York, NY",,123119,FALSE,0,TRUE,0.0552,Full-time,Active,4/30/2020,,White,Married,Bachelor,Monthly,FALSE,FALSE,CC1010,1,Exempt,FALSE,Not in plan,FALSE,0,,0,
290,Morgan,Williams,Male,he/him,26,3/30/1994,Finance,Corporate,1,Senior Director,"Austin, TX",,94088,FALSE,0,TRUE,0.0703,Contractor,Active,3/30/2020,,Hispanic,Married,Bachelor,Monthly,FALSE,FALSE,CC1018,1,Non-exempt,FALSE,Not in plan,FALSE,0,,0,
291,Drew,Garcia,Male,he/him,27,5/30/1993,Finance,Corporate,2,Senior Manager,"New York, NY",,88498,FALSE,0,TRUE,0.0358,Full-time,Active,5/30/2020,,Black,Single,High School,Monthly,FALSE,FALSE,CC1000,1,Exempt,FALSE,Not in plan,FALSE,1,6/30/2020,0,
292,Taylor,Davis,Female,he/him,28,7/30/1991,Marketing,Commercial,2,Manager,"Seattle, WA",,82570,FALSE,0,TRUE,0.0362,Contractor,Terminated,7/30/2019,8/30/2023,Other,Single,PhD,Monthly,FALSE,FALSE,CC1013,0.5,Exempt,FALSE,Not in plan,FALSE,3,12/30/2019,0,
293,Robin,Smith,Female,she/her,22,11/30/1998,Engineering,Tech,2,VP,"Seattle, WA",,111901,TRUE,0.182,FALSE,0,Contractor,Active,11/30/2020,,White,Divorced,Master,Monthly,FALSE,FALSE,CC1017,1,Exempt,FALSE,Not in plan,FALSE,2,3/30/2021,0,
294,Morgan,Smith,Male,she/her,38,3/30/1983,Sales,Commercial,3,Analyst,Remote,,80292,FALSE,0,FALSE,0,Full-time,Active,3/30/2021,,Hispanic,Married,Master,Monthly,FALSE,FALSE,CC1009,0.8,Exempt,FALSE,Not in plan,FALSE,4,5/30/2021,0,
295,Robin,Johnson,Male,he/him,31,5/30/1988,Marketing,Commercial,3,Director,"Seattle, WA",,76769,FALSE,0,TRUE,0.0454,Full-time,Terminated,5/30/2019,11/30/2024,Hispanic,Married,PhD,Monthly,FALSE,TRUE,CC1005,0.5,Exempt,FALSE,Not in plan,FALSE,1,1/30/2020,0,
296,Morgan,Rodriguez,Male,she/her,43,12/30/1976,Customer Success,Commercial,2,VP,"Seattle, WA",,70881,FALSE,0,FALSE,0,Contractor,Terminated,12/30/2019,12/30/2021,Hispanic,Married,High School,Monthly,FALSE,FALSE,CC1013,0.8,Exempt,FALSE,Not in plan,FALSE,0,,0,
297,Casey,Smith,Female,he/him,47,6/30/1973,Sales,Commercial,3,Manager,"Seattle, WA",,93536,TRUE,0.192,TRUE,0.0865,Contractor,Terminated,6/30/2020,5/30/2024,White,Married,Bachelor,Monthly,FALSE,FALSE,CC1007,1,Exempt,FALSE,Not in plan,FALSE,5,5/30/2021,0,
298,Robin,Miller,Male,he/him,30,8/30/1989,Support,Tech,4,Director,Remote,,65948,FALSE,0,TRUE,0.0722,Full-time,Terminated,8/30/2019,8/30/2024,White,Married,Bachelor,Monthly,FALSE,FALSE,CC1003,1,Exempt,FALSE,Not in plan,FALSE,3,3/30/2020,0,
299,Drew,Rodriguez,Non-binary,he/him,25,7/30/1994,Customer Success,Commercial,2,Senior Director,"New York, NY",,65820,FALSE,0,TRUE,0.0165,Full-time,Terminated,7/30/2019,3/30/2020,Hispanic,Married,Master,Monthly,FALSE,FALSE,CC1012,0.8,Exempt,FALSE,Not in plan,FALSE,2,4/30/2020,0,
300,Robin,Williams,Female,she/her,31,11/30/1989,Customer Success,Commercial,2,Senior Director,Remote,,75980,FALSE,0,TRUE,0.0941,Full-time,Active,11/30/2020,,Black,Single,Master,Monthly,FALSE,FALSE,CC1014,1,Exempt,TRUE,In plan,FALSE,1,5/30/2021,0,
301,Taylor,Wilson,Female,he/him,30,4/30/1991,Engineering,Tech,2,Senior Manager,"Seattle, WA",,123546,FALSE,0,TRUE,0.0532,Full-time,Terminated,4/30/2021,1/30/2022,Hispanic,Single,Bachelor,Monthly,FALSE,FALSE,CC1004,1,Exempt,FALSE,Not in plan,FALSE,1,7/30/2021,0,
302,Alex,Garcia,Male,she/her,45,4/30/1976,Marketing,Commercial,3,Senior Director,"San Francisco, CA",,74900,TRUE,0.172,TRUE,0.067,Contractor,Terminated,4/30/2021,10/30/2024,Black,Married,Associate,Monthly,FALSE,FALSE,CC1018,1,Exempt,FALSE,Not in plan,FALSE,1,5/30/2021,0,
303,Casey,Rodriguez,Male,she/her,34,4/30/1987,Finance,Corporate,2,Analyst,Remote,,93471,FALSE,0,TRUE,0.0652,Full-time,Active,4/30/2021,,Asian,Married,Bachelor,Monthly,FALSE,FALSE,CC1018,1,Exempt,FALSE,Not in plan,FALSE,1,9/30/2021,0,
304,Drew,Williams,Male,he/him,34,4/30/1987,Marketing,Commercial,2,Senior Manager,Remote,,80173,TRUE,0.192,TRUE,0.0408,Contractor,Active,4/30/2021,,Hispanic,Married,Bachelor,Monthly,FALSE,FALSE,CC1002,0.5,Exempt,FALSE,Not in plan,FALSE,2,5/30/2021,0,
305,Cameron,Jones,Non-binary,he/him,39,4/30/1982,Sales,Commercial,1,Analyst,"Austin, TX",,94036,TRUE,0.122,TRUE,0.0426,Full-time,Active,4/30/2021,,White,Married,Associate,Monthly,FALSE,FALSE,CC1001,1,Non-exempt,FALSE,Not in plan,FALSE,2,1/30/2022,0,
306,Casey,Rodriguez,Male,he/him,48,4/30/1973,Engineering,Tech,4,Analyst,"Austin, TX",,124348,FALSE,0,TRUE,0.0757,Full-time,Terminated,4/30/2021,2/29/2024,White,Married,Bachelor,Monthly,FALSE,TRUE,CC1012,1,Exempt,FALSE,Not in plan,FALSE,1,3/30/2022,0,
307,Drew,Garcia,Female,he/him,25,5/31/1996,Engineering,Tech,3,Manager,"Seattle, WA",,103553,FALSE,0,TRUE,0.0884,Full-time,Active,5/31/2021,,Asian,Single,Bachelor,Monthly,FALSE,FALSE,CC1016,1,Exempt,FALSE,Not in plan,FALSE,1,7/31/2021,0,
308,Morgan,Smith,Female,she/her,30,5/31/1991,Product,Tech,3,Analyst,"New York, NY",,78272,FALSE,0,TRUE,0.0392,Full-time,Terminated,5/31/2021,12/31/2022,White,Married,High School,Monthly,FALSE,FALSE,CC1014,0.8,Exempt,FALSE,Not in plan,FALSE,1,6/30/2021,0,
309,Robin,Wilson,Male,he/him,46,5/31/1975,Customer Success,Commercial,1,Senior Manager,"New York, NY",,62550,FALSE,0,TRUE,0.0195,Full-time,Terminated,5/31/2021,8/31/2021,Hispanic,Single,Bachelor,Monthly,FALSE,FALSE,CC1014,1,Non-exempt,FALSE,Not in plan,FALSE,1,1/31/2022,0,
310,Jamie,Wilson,Female,he/him,38,5/31/1983,Sales,Commercial,1,Senior Analyst,"Seattle, WA",,100005,TRUE,0.184,TRUE,0.0702,Full-time,Active,5/31/2021,,Hispanic,Single,Master,Monthly,FALSE,FALSE,CC1003,0.8,Non-exempt,FALSE,Not in plan,TRUE,3,8/31/2021,0,
311,Morgan,Williams,Female,she/her,39,5/31/1982,Customer Success,Commercial,1,Director,"Seattle, WA",,76304,FALSE,0,TRUE,0.0535,Full-time,Active,5/31/2021,,White,Single,Bachelor,Monthly,FALSE,FALSE,CC1011,1,Non-exempt,FALSE,Not in plan,FALSE,1,12/31/2021,0,
312,Robin,Johnson,Male,she/her,29,5/31/1992,Support,Tech,2,Senior Manager,"Seattle, WA",,66856,FALSE,0,TRUE,0.0136,Full-time,Terminated,5/31/2021,2/28/2023,Asian,Married,Bachelor,Monthly,FALSE,FALSE,CC1001,0.8,Exempt,FALSE,Not in plan,FALSE,0,,0,
313,Casey,Garcia,Female,he/him,23,6/30/1998,Customer Success,Commercial,3,Director,"San Francisco, CA",,79932,FALSE,0,FALSE,0,Full-time,Active,6/30/2021,,Other,Divorced,Bachelor,Monthly,FALSE,FALSE,CC1000,1,Exempt,FALSE,Not in plan,TRUE,1,3/30/2022,0,
314,Taylor,Rodriguez,Female,she/her,42,6/30/1979,Sales,Commercial,1,Director,"Austin, TX",,95985,TRUE,0.145,TRUE,0.0954,Full-time,Active,6/30/2021,,Other,Single,Bachelor,Monthly,FALSE,FALSE,CC1001,1,Non-exempt,FALSE,Not in plan,FALSE,0,,0,
315,Robin,Miller,Female,she/her,39,6/30/1982,Operations,Corporate,1,Senior Manager,"New York, NY",,70406,FALSE,0,TRUE,0.0695,Contractor,Active,6/30/2021,,White,Single,Master,Monthly,FALSE,FALSE,CC1005,1,Non-exempt,FALSE,Not in plan,FALSE,1,7/30/2021,0,
316,Casey,Wilson,Non-binary,he/him,25,6/30/1996,Marketing,Commercial,3,Director,"Seattle, WA",,83509,TRUE,0.168,TRUE,0.0534,Full-time,Active,6/30/2021,,White,Single,Master,Monthly,FALSE,FALSE,CC1010,0.5,Exempt,TRUE,In plan,FALSE,0,,0,
317,Drew,Rodriguez,Female,he/him,37,6/30/1984,Operations,Corporate,1,Senior Director,"San Francisco, CA",,79358,FALSE,0,FALSE,0,Full-time,Active,6/30/2021,,Black,Single,Bachelor,Monthly,FALSE,FALSE,CC1016,0.8,Non-exempt,FALSE,Not in plan,FALSE,1,5/30/2022,0,
318,Morgan,Williams,Male,he/him,22,7/31/1999,Sales,Commercial,1,Manager,"San Francisco, CA",,86773,FALSE,0,TRUE,0.0686,Full-time,Active,7/31/2021,,Black,Married,Master,Monthly,FALSE,FALSE,CC1010,1,Non-exempt,TRUE,In plan,TRUE,0,,0,
319,Taylor,Jones,Male,ze/zir,23,7/31/1998,Sales,Commercial,1,VP,Remote,,91035,TRUE,0.1,TRUE,0.044,Full-time,Terminated,7/31/2021,4/30/2024,White,Single,Bachelor,Monthly,FALSE,FALSE,CC1002,0.5,Non-exempt,FALSE,Not in plan,FALSE,1,8/31/2021,0,
320,Robin,Johnson,Female,she/her,36,7/31/1985,Sales,Commercial,1,Manager,"New York, NY",,94458,TRUE,0.16,FALSE,0,Full-time,Active,7/31/2021,,Hispanic,Married,Bachelor,Monthly,FALSE,FALSE,CC1014,1,Non-exempt,FALSE,Not in plan,FALSE,1,12/31/2021,0,
321,Morgan,Brown,Male,he/him,42,7/31/1979,Customer Success,Commercial,2,VP,"Seattle, WA",,61107,FALSE,0,TRUE,0.0922,Full-time,Active,7/31/2021,,White,Divorced,High School,Monthly,FALSE,FALSE,CC1015,1,Exempt,FALSE,Not in plan,FALSE,1,6/30/2022,0,
322,Drew,Williams,Male,she/her,43,7/31/1978,HR,Corporate,1,Senior Director,"Austin, TX",,63153,FALSE,0,FALSE,0,Full-time,Terminated,7/31/2021,10/31/2021,Hispanic,Single,Associate,Monthly,FALSE,FALSE,CC1008,1,Non-exempt,FALSE,Not in plan,FALSE,1,5/31/2022,0,
323,Drew,Jones,Non-binary,she/her,38,7/31/1983,Finance,Corporate,2,Senior Analyst,"New York, NY",,88910,TRUE,0.122,TRUE,0.0316,Full-time,Terminated,7/31/2021,7/31/2023,White,Married,PhD,Monthly,FALSE,FALSE,CC1009,0.5,Exempt,FALSE,Not in plan,FALSE,2,4/30/2022,0,
324,Drew,Brown,Male,she/her,32,7/31/1989,Engineering,Tech,3,Senior Manager,"Austin, TX",,103165,FALSE,0,TRUE,0.0259,Full-time,Terminated,7/31/2021,2/28/2023,Hispanic,Married,Bachelor,Monthly,FALSE,FALSE,CC1016,1,Exempt,FALSE,Not in plan,FALSE,1,2/28/2022,0,
325,Riley,Garcia,Male,she/her,35,8/31/1986,Engineering,Tech,1,Manager,Remote,,133872,FALSE,0,TRUE,0.1,Full-time,Active,8/31/2021,,Asian,Single,Bachelor,Monthly,FALSE,FALSE,CC1008,0.8,Non-exempt,FALSE,Not in plan,FALSE,0,,0,
326,Casey,Rodriguez,Female,she/her,26,8/31/1995,Engineering,Tech,2,Manager,"Austin, TX",,115346,TRUE,0.149,FALSE,0,Full-time,Active,8/31/2021,,White,Divorced,Bachelor,Monthly,FALSE,FALSE,CC1006,0.8,Exempt,FALSE,Not in plan,FALSE,0,,0,
327,Riley,Wilson,Female,she/her,41,9/30/1980,Product,Tech,2,Senior Analyst,"Austin, TX",,105046,TRUE,0.117,FALSE,0,Full-time,Active,9/30/2021,,White,Single,High School,Monthly,FALSE,FALSE,CC1015,0.8,Exempt,FALSE,Not in plan,FALSE,2,7/30/2022,0,
328,Casey,Garcia,Male,they/them,28,9/30/1993,Engineering,Tech,2,Analyst,Remote,,115276,FALSE,0,TRUE,0.0505,Full-time,Active,9/30/2021,,White,Married,Bachelor,Monthly,FALSE,FALSE,CC1009,1,Exempt,FALSE,Not in plan,FALSE,1,11/30/2021,0,
329,Jamie,Garcia,Female,she/her,28,9/30/1993,Product,Tech,1,Director,Remote,,116968,FALSE,0,TRUE,0.0823,Contractor,Active,9/30/2021,,Black,Married,Bachelor,Monthly,FALSE,TRUE,CC1000,1,Non-exempt,TRUE,In plan,FALSE,3,7/30/2022,0,
330,Morgan,Davis,Female,he/him,35,9/30/1986,Support,Tech,3,Senior Manager,"San Francisco, CA",,64449,FALSE,0,TRUE,0.0941,Full-time,Active,9/30/2021,,White,Married,Master,Monthly,FALSE,FALSE,CC1001,0.5,Exempt,FALSE,Not in plan,FALSE,0,,0,
331,Taylor,Miller,Female,she/her,41,9/30/1980,Engineering,Tech,1,Director,Remote,,128107,FALSE,0,TRUE,0.0871,Full-time,Terminated,9/30/2021,3/30/2024,Hispanic,Married,Bachelor,Monthly,FALSE,FALSE,CC1012,1,Non-exempt,FALSE,Not in plan,FALSE,1,5/30/2022,0,
332,Robin,Jones,Female,he/him,41,10/31/1980,Finance,Corporate,2,Senior Director,Remote,,84310,FALSE,0,TRUE,0.0834,Full-time,Terminated,10/31/2021,3/31/2023,White,Single,PhD,Monthly,FALSE,FALSE,CC1016,1,Exempt,FALSE,Not in plan,FALSE,0,,0,
333,Casey,Davis,Female,he/him,36,10/31/1985,Product,Tech,2,VP,"San Francisco, CA",,118134,FALSE,0,TRUE,0.0282,Contractor,Active,10/31/2021,,Asian,Single,Bachelor,Monthly,FALSE,FALSE,CC1005,1,Exempt,FALSE,Not in plan,FALSE,0,,0,
334,Drew,Johnson,Female,she/her,32,10/31/1989,Marketing,Commercial,3,Analyst,"Seattle, WA",,67951,FALSE,0,TRUE,0.0231,Full-time,Active,10/31/2021,,White,Married,High School,Monthly,FALSE,FALSE,CC1016,1,Exempt,FALSE,Not in plan,FALSE,2,7/31/2022,0,
335,Riley,Rodriguez,Female,he/him,23,10/31/1998,Sales,Commercial,2,Manager,"New York, NY",,79957,FALSE,0,FALSE,0,Full-time,Active,10/31/2021,,Hispanic,Single,PhD,Monthly,FALSE,FALSE,CC1018,1,Exempt,FALSE,Not in plan,FALSE,0,,0,
336,Drew,Davis,Male,he/him,36,10/31/1985,Marketing,Commercial,4,Manager,Remote,,77906,FALSE,0,TRUE,0.0646,Full-time,Active,10/31/2021,,White,Married,Bachelor,Monthly,FALSE,FALSE,CC1001,1,Exempt,FALSE,Not in plan,FALSE,1,1/31/2022,0,
337,Drew,Johnson,Male,he/him,24,10/31/1997,Engineering,Tech,3,Manager,Remote,,122142,TRUE,0.185,FALSE,0,Contractor,Terminated,10/31/2021,2/29/2024,Hispanic,Single,Bachelor,Monthly,FALSE,FALSE,CC1009,1,Exempt,FALSE,Not in plan,TRUE,0,,0,
338,Jamie,Jones,Female,she/her,26,11/30/1995,Sales,Commercial,2,Senior Director,"New York, NY",,68993,TRUE,0.126,TRUE,0.0553,Full-time,Active,11/30/2021,,White,Married,Bachelor,Monthly,FALSE,FALSE,CC1009,0.8,Exempt,TRUE,In plan,TRUE,0,,0,
339,Robin,Brown,Male,she/her,30,11/30/1991,Product,Tech,3,Analyst,"Seattle, WA",,95454,TRUE,0.149,TRUE,0.0238,Full-time,Active,11/30/2021,,White,Divorced,Bachelor,Monthly,FALSE,FALSE,CC1010,1,Exempt,FALSE,Not in plan,FALSE,1,1/30/2022,0,
340,Taylor,Rodriguez,Male,he/him,25,11/30/1996,Sales,Commercial,1,Manager,"New York, NY",,94048,TRUE,0.108,TRUE,0.0476,Full-time,Terminated,11/30/2021,1/30/2023,Hispanic,Married,Bachelor,Monthly,FALSE,FALSE,CC1000,1,Non-exempt,FALSE,Not in plan,FALSE,3,6/30/2022,0,
341,Riley,Jones,Male,he/him,40,11/30/1981,Sales,Commercial,3,Senior Manager,"New York, NY",,83218,TRUE,0.135,TRUE,0.0546,Full-time,Active,11/30/2021,,Hispanic,Married,Master,Monthly,FALSE,FALSE,CC1019,1,Exempt,TRUE,In plan,FALSE,1,2/28/2022,0,
342,Cameron,Miller,Female,ze/zir,40,11/30/1981,Sales,Commercial,3,Senior Analyst,"San Francisco, CA",,94325,TRUE,0.11,FALSE,0,Full-time,Active,11/30/2021,,White,Married,Bachelor,Monthly,FALSE,FALSE,CC1002,1,Exempt,FALSE,Not in plan,FALSE,2,10/30/2022,0,
343,Riley,Garcia,Male,he/him,45,11/30/1976,Marketing,Commercial,4,VP,"New York, NY",,74820,TRUE,0.17,TRUE,0.0417,Full-time,Active,11/30/2021,,White,Single,Associate,Monthly,FALSE,FALSE,CC1009,1,Exempt,FALSE,Not in plan,TRUE,2,8/30/2022,0,
344,Cameron,Garcia,Male,he/him,47,11/30/1974,Marketing,Commercial,3,Senior Director,"Seattle, WA",,89312,TRUE,0.154,TRUE,0.0609,Full-time,Active,11/30/2021,,Asian,Divorced,Associate,Monthly,FALSE,TRUE,CC1010,1,Exempt,FALSE,Not in plan,FALSE,1,12/30/2021,0,
345,Drew,Rodriguez,Male,he/him,38,11/30/1983,Customer Success,Commercial,2,VP,"New York, NY",,76736,TRUE,0.109,TRUE,0.0864,Full-time,Terminated,11/30/2021,2/28/2025,White,Married,Associate,Monthly,FALSE,FALSE,CC1011,1,Exempt,FALSE,Not in plan,FALSE,2,7/30/2022,0,
346,Robin,Miller,Non-binary,she/her,37,11/30/1984,Engineering,Tech,1,VP,"San Francisco, CA",,123906,FALSE,0,TRUE,0.0761,Full-time,Terminated,11/30/2021,6/30/2022,White,Married,Bachelor,Monthly,FALSE,FALSE,CC1013,1,Non-exempt,FALSE,Not in plan,FALSE,1,1/30/2022,0,
347,Riley,Miller,Female,she/her,23,11/30/1998,Marketing,Commercial,1,Manager,"New York, NY",,72541,FALSE,0,TRUE,0.0294,Full-time,Active,11/30/2021,,Other,Married,Bachelor,Monthly,FALSE,FALSE,CC1001,1,Non-exempt,FALSE,Not in plan,FALSE,2,6/30/2022,0,
348,Riley,Rodriguez,Female,she/her,38,11/30/1983,Marketing,Commercial,1,Senior Director,"San Francisco, CA",,84793,TRUE,0.139,TRUE,0.0172,Full-time,Active,11/30/2021,,White,Single,Bachelor,Monthly,FALSE,FALSE,CC1010,0.8,Non-exempt,FALSE,Not in plan,FALSE,1,2/28/2022,0,
349,Morgan,Jones,Female,he/him,29,12/31/1992,Engineering,Tech,1,Analyst,"Austin, TX",,120989,FALSE,0,TRUE,0.0371,Full-time,Terminated,12/31/2021,1/31/2025,White,Married,Bachelor,Monthly,FALSE,FALSE,CC1000,0.5,Non-exempt,TRUE,In plan,FALSE,2,10/31/2022,0,
350,Taylor,Williams,Female,she/her,35,12/31/1986,Sales,Commercial,2,Senior Director,"New York, NY",,72615,TRUE,0.056,TRUE,0.032,Full-time,Terminated,12/31/2021,10/31/2023,Hispanic,Married,Bachelor,Monthly,FALSE,FALSE,CC1011,1,Exempt,FALSE,Not in plan,FALSE,1,9/30/2022,0,
351,Taylor,Miller,Male,she/her,34,12/31/1987,Product,Tech,2,Senior Analyst,Remote,,116873,FALSE,0,TRUE,0.0422,Contractor,Active,12/31/2021,,White,Single,Bachelor,Monthly,FALSE,FALSE,CC1015,1,Exempt,FALSE,Not in plan,FALSE,1,9/30/2022,0,
352,Jordan,Smith,Female,he/him,22,12/31/1999,Customer Success,Commercial,3,VP,"San Francisco, CA",,72118,FALSE,0,TRUE,0.0771,Full-time,Active,12/31/2021,,White,Married,Bachelor,Monthly,FALSE,FALSE,CC1018,1,Exempt,FALSE,Not in plan,FALSE,1,5/31/2022,0,
353,Robin,Brown,Male,he/him,32,12/31/1989,Finance,Corporate,3,Manager,"San Francisco, CA",,90130,TRUE,0.103,FALSE,0,Full-time,Active,12/31/2021,,Asian,Married,Bachelor,Monthly,FALSE,FALSE,CC1014,1,Exempt,FALSE,Not in plan,FALSE,5,1/31/2022,0,
354,Jamie,Smith,Female,she/her,45,12/31/1976,Support,Tech,1,Senior Manager,"Seattle, WA",,69994,FALSE,0,TRUE,0.0799,Full-time,Terminated,12/31/2021,12/31/2022,White,Single,Bachelor,Monthly,FALSE,FALSE,CC1009,0.5,Non-exempt,FALSE,Not in plan,FALSE,1,9/30/2022,0,
355,Morgan,Johnson,Female,she/her,26,12/31/1995,Marketing,Commercial,1,Manager,"Seattle, WA",,79930,TRUE,0.098,TRUE,0.0601,Full-time,Terminated,12/31/2021,12/31/2022,White,Single,Bachelor,Monthly,FALSE,FALSE,CC1010,1,Non-exempt,FALSE,Not in plan,FALSE,1,11/30/2022,0,
356,Taylor,Smith,Male,he/him,37,1/31/1985,Marketing,Commercial,5,Director,"San Francisco, CA",,72004,FALSE,0,FALSE,0,Contractor,Terminated,1/31/2022,10/31/2022,Hispanic,Divorced,Master,Monthly,FALSE,FALSE,CC1011,1,Exempt,FALSE,Not in plan,FALSE,1,5/31/2022,0,
357,Cameron,Williams,Male,he/him,37,1/31/1985,Sales,Commercial,1,Senior Analyst,Remote,,91850,TRUE,0.11,TRUE,0.0396,Full-time,Active,1/31/2022,,White,Married,Associate,Monthly,FALSE,FALSE,CC1000,1,Non-exempt,FALSE,Not in plan,FALSE,1,12/31/2022,0,
358,Robin,Rodriguez,Male,he/him,33,1/31/1989,Customer Success,Commercial,1,Senior Director,"Seattle, WA",,75389,FALSE,0,TRUE,0.0473,Full-time,Terminated,1/31/2022,11/30/2022,White,Married,Associate,Monthly,FALSE,FALSE,CC1013,1,Non-exempt,FALSE,Not in plan,FALSE,1,4/30/2022,0,
359,Drew,Brown,Male,they/them,27,1/31/1995,Customer Success,Commercial,2,Senior Analyst,"Seattle, WA",,63982,FALSE,0,TRUE,0.0367,Full-time,Active,1/31/2022,,Hispanic,Single,Bachelor,Monthly,FALSE,FALSE,CC1013,0.8,Exempt,FALSE,Not in plan,FALSE,1,7/31/2022,0,
360,Casey,Miller,Female,she/her,42,1/31/1980,Marketing,Commercial,2,Senior Analyst,"Austin, TX",,92852,FALSE,0,TRUE,0.0609,Contractor,Active,1/31/2022,,White,Married,Master,Monthly,FALSE,FALSE,CC1003,0.8,Exempt,FALSE,Not in plan,FALSE,0,,0,
361,Cameron,Jones,Female,she/her,32,2/28/1990,Engineering,Tech,2,Senior Analyst,Remote,,125665,FALSE,0,TRUE,0.098,Full-time,Terminated,2/28/2022,3/28/2025,Hispanic,Divorced,Bachelor,Monthly,FALSE,FALSE,CC1004,1,Exempt,FALSE,Not in plan,FALSE,0,,0,
362,Casey,Garcia,Female,she/her,36,2/28/1986,Product,Tech,1,Senior Analyst,"New York, NY",,119913,FALSE,0,TRUE,0.0735,Full-time,Active,2/28/2022,,White,Single,Bachelor,Monthly,FALSE,FALSE,CC1005,0.8,Non-exempt,TRUE,In plan,FALSE,2,12/28/2022,0,
363,Jamie,Garcia,Female,he/him,33,2/28/1989,Finance,Corporate,2,Manager,Remote,,98017,FALSE,0,TRUE,0.0371,Full-time,Active,2/28/2022,,Asian,Married,Master,Monthly,FALSE,FALSE,CC1009,1,Exempt,TRUE,In plan,FALSE,1,10/28/2022,0,
364,Riley,Davis,Male,he/him,27,2/28/1995,Engineering,Tech,2,Manager,Remote,,83625,TRUE,0.097,TRUE,0.0186,Full-time,Active,2/28/2022,,Hispanic,Married,Associate,Monthly,FALSE,FALSE,CC1016,1,Exempt,FALSE,Not in plan,FALSE,1,8/28/2022,0,
365,Riley,Davis,Female,she/her,22,2/28/2000,Support,Tech,3,Manager,"Seattle, WA",,74767,FALSE,0,TRUE,0.0346,Contractor,Active,2/28/2022,,Asian,Married,PhD,Monthly,FALSE,FALSE,CC1019,1,Exempt,TRUE,In plan,FALSE,0,,0,
366,Jordan,Davis,Non-binary,he/him,42,2/28/1980,Engineering,Tech,1,Analyst,"Austin, TX",,144450,FALSE,0,TRUE,0.027,Part-time,Terminated,2/28/2022,6/28/2022,Black,Single,Master,Monthly,FALSE,FALSE,CC1009,1,Non-exempt,FALSE,Not in plan,FALSE,1,5/28/2022,0,
367,Casey,Jones,Female,he/him,47,2/28/1975,Product,Tech,1,Senior Director,"Austin, TX",,106114,FALSE,0,TRUE,0.017,Full-time,Terminated,2/28/2022,5/28/2023,White,Married,Bachelor,Monthly,TRUE,FALSE,CC1014,1,Non-exempt,FALSE,Not in plan,FALSE,0,,0,
368,Casey,Garcia,Female,he/him,35,2/28/1987,Finance,Corporate,1,Manager,Remote,,95331,FALSE,0,TRUE,0.0762,Full-time,Active,2/28/2022,,White,Single,Bachelor,Monthly,FALSE,FALSE,CC1005,1,Non-exempt,TRUE,In plan,FALSE,0,,0,
369,Jordan,Smith,Female,he/him,46,2/28/1976,Marketing,Commercial,1,Senior Analyst,"Austin, TX",,78021,FALSE,0,FALSE,0,Full-time,Active,2/28/2022,,Asian,Married,PhD,Monthly,FALSE,FALSE,CC1001,1,Non-exempt,FALSE,Not in plan,FALSE,1,5/28/2022,0,
370,Jamie,Davis,Female,he/him,33,3/31/1989,Sales,Commercial,2,Senior Manager,Remote,,85496,TRUE,0.192,TRUE,0.0674,Full-time,Terminated,3/31/2022,2/28/2023,White,Single,Bachelor,Monthly,FALSE,FALSE,CC1014,0.8,Exempt,FALSE,Not in plan,FALSE,2,1/31/2023,0,
371,Drew,Brown,Female,she/her,27,3/31/1995,Engineering,Tech,1,Senior Director,"New York, NY",,117436,FALSE,0,TRUE,0.0146,Full-time,Active,3/31/2022,,Black,Married,Associate,Monthly,FALSE,FALSE,CC1003,1,Non-exempt,FALSE,Not in plan,FALSE,0,,0,
372,Jordan,Smith,Female,he/him,34,3/31/1988,Customer Success,Commercial,1,VP,"Seattle, WA",,76231,FALSE,0,FALSE,0,Full-time,Active,3/31/2022,,Black,Married,Bachelor,Monthly,FALSE,FALSE,CC1010,0.5,Non-exempt,FALSE,Not in plan,FALSE,0,,0,
373,Drew,Rodriguez,Female,he/him,32,3/31/1990,Support,Tech,1,Manager,Remote,,53422,FALSE,0,TRUE,0.0995,Contractor,Terminated,3/31/2022,11/30/2023,White,Married,Bachelor,Monthly,FALSE,FALSE,CC1004,0.5,Non-exempt,TRUE,In plan,FALSE,0,,0,
374,Cameron,Garcia,Female,he/him,31,3/31/1991,HR,Corporate,3,Analyst,Remote,,67841,FALSE,0,TRUE,0.056,Contractor,Active,3/31/2022,,White,Married,Master,Monthly,FALSE,FALSE,CC1006,1,Exempt,FALSE,Not in plan,FALSE,0,,0,
375,Alex,Miller,Female,he/him,27,4/30/1995,Engineering,Tech,1,Senior Analyst,Remote,,138533,TRUE,0.126,TRUE,0.0557,Full-time,Terminated,4/30/2022,8/30/2022,Asian,Married,Bachelor,Monthly,FALSE,FALSE,CC1013,1,Non-exempt,TRUE,In plan,FALSE,0,,0,
376,Taylor,Johnson,Female,he/him,34,4/30/1988,Engineering,Tech,2,VP,"Seattle, WA",,131261,TRUE,0.157,FALSE,0,Full-time,Active,4/30/2022,,Hispanic,Single,Bachelor,Monthly,FALSE,FALSE,CC1017,1,Exempt,FALSE,Not in plan,FALSE,0,,0,
377,Jordan,Jones,Male,she/her,35,4/30/1987,Customer Success,Commercial,1,Senior Analyst,"Seattle, WA",,65449,FALSE,0,TRUE,0.097,Full-time,Active,4/30/2022,,Black,Single,Associate,Monthly,FALSE,FALSE,CC1011,1,Non-exempt,FALSE,Not in plan,FALSE,2,7/30/2022,0,
378,Cameron,Miller,Male,she/her,26,4/30/1996,HR,Corporate,3,VP,"Seattle, WA",,81655,FALSE,0,FALSE,0,Full-time,Terminated,4/30/2022,11/30/2024,Asian,Married,Bachelor,Monthly,FALSE,FALSE,CC1000,1,Exempt,FALSE,Not in plan,FALSE,0,,0,
379,Jordan,Rodriguez,Male,she/her,42,5/31/1980,Sales,Commercial,1,Senior Manager,"Seattle, WA",,116757,TRUE,0.109,TRUE,0.0944,Full-time,Active,5/31/2022,,White,Single,Bachelor,Monthly,FALSE,TRUE,CC1008,0.8,Non-exempt,FALSE,Not in plan,TRUE,1,6/30/2022,0,
380,Robin,Jones,Male,she/her,29,5/31/1993,Engineering,Tech,2,Senior Manager,"Austin, TX",,127193,FALSE,0,TRUE,0.0634,Full-time,Active,5/31/2022,,Black,Married,High School,Monthly,FALSE,FALSE,CC1004,1,Exempt,FALSE,Not in plan,FALSE,0,,0,
381,Casey,Wilson,Female,he/him,35,5/31/1987,Sales,Commercial,1,Senior Analyst,"Austin, TX",,98830,FALSE,0,TRUE,0.0996,Full-time,Active,5/31/2022,,Hispanic,Married,Bachelor,Monthly,FALSE,FALSE,CC1018,0.8,Non-exempt,FALSE,Not in plan,FALSE,3,12/31/2022,0,
382,Taylor,Rodriguez,Female,she/her,41,5/31/1981,Marketing,Commercial,1,VP,"New York, NY",,81748,TRUE,0.177,TRUE,0.094,Full-time,Active,5/31/2022,,White,Single,Bachelor,Monthly,FALSE,FALSE,CC1007,0.8,Non-exempt,FALSE,Not in plan,FALSE,1,12/31/2022,0,
383,Robin,Wilson,Female,she/her,42,5/31/1980,Finance,Corporate,4,Manager,"Seattle, WA",,87463,FALSE,0,FALSE,0,Full-time,Active,5/31/2022,,Black,Married,Associate,Monthly,FALSE,FALSE,CC1015,0.8,Exempt,FALSE,Not in plan,FALSE,0,,0,
384,Robin,Brown,Male,he/him,38,5/31/1984,Sales,Commercial,4,Analyst,"San Francisco, CA",,88687,TRUE,0.055,TRUE,0.0917,Full-time,Active,5/31/2022,,White,Married,Master,Monthly,FALSE,FALSE,CC1014,1,Exempt,FALSE,Not in plan,FALSE,2,8/31/2022,0,
385,Jordan,Smith,Female,she/her,29,5/31/1993,Marketing,Commercial,2,VP,Remote,,77386,FALSE,0,TRUE,0.0172,Full-time,Active,5/31/2022,,Hispanic,Single,Bachelor,Monthly,FALSE,FALSE,CC1017,1,Exempt,FALSE,Not in plan,FALSE,1,1/31/2023,0,
386,Casey,Wilson,Female,she/her,38,5/31/1984,Product,Tech,1,Senior Manager,"Austin, TX",,117828,FALSE,0,TRUE,0.0775,Full-time,Active,5/31/2022,,Hispanic,Divorced,PhD,Monthly,FALSE,FALSE,CC1019,1,Non-exempt,FALSE,Not in plan,FALSE,1,1/31/2023,0,
387,Casey,Davis,Male,she/her,35,5/31/1987,Sales,Commercial,1,Senior Director,"San Francisco, CA",,99539,TRUE,0.192,TRUE,0.0915,Full-time,Terminated,5/31/2022,5/31/2022,Hispanic,Married,Bachelor,Monthly,FALSE,FALSE,CC1003,1,Non-exempt,FALSE,Not in plan,FALSE,1,11/30/2022,0,
388,Riley,Jones,Male,he/him,29,6/30/1993,Support,Tech,3,Manager,"New York, NY",,68039,FALSE,0,TRUE,0.0978,Full-time,Terminated,6/30/2022,9/30/2024,White,Divorced,Bachelor,Monthly,FALSE,FALSE,CC1012,1,Exempt,FALSE,Not in plan,FALSE,0,,0,
389,Drew,Garcia,Male,he/him,32,6/30/1990,Finance,Corporate,3,Director,"Austin, TX",,84443,FALSE,0,TRUE,0.0572,Full-time,Active,6/30/2022,,Asian,Married,Bachelor,Monthly,FALSE,FALSE,CC1017,1,Exempt,FALSE,Not in plan,FALSE,2,1/30/2023,0,
390,Taylor,Jones,Male,he/him,28,6/30/1994,Marketing,Commercial,2,VP,"San Francisco, CA",,77049,FALSE,0,TRUE,0.0601,Full-time,Terminated,6/30/2022,10/30/2023,White,Single,Bachelor,Monthly,FALSE,FALSE,CC1018,1,Exempt,FALSE,Not in plan,FALSE,0,,0,
391,Robin,Brown,Male,she/her,27,6/30/1995,Engineering,Tech,4,Senior Analyst,"Austin, TX",,129666,FALSE,0,TRUE,0.0534,Full-time,Active,6/30/2022,,White,Married,Bachelor,Monthly,FALSE,FALSE,CC1014,1,Exempt,TRUE,In plan,FALSE,0,,0,
392,Riley,Jones,Female,he/him,37,6/30/1985,Customer Success,Commercial,1,Director,"San Francisco, CA",,67937,FALSE,0,TRUE,0.0681,Full-time,Active,6/30/2022,,Black,Single,Bachelor,Monthly,FALSE,FALSE,CC1019,1,Non-exempt,TRUE,In plan,FALSE,0,,0,
393,Cameron,Davis,Female,he/him,33,6/30/1989,Engineering,Tech,2,Senior Manager,"Austin, TX",,134558,FALSE,0,TRUE,0.043,Full-time,Active,6/30/2022,,Hispanic,Married,Master,Monthly,FALSE,FALSE,CC1016,1,Exempt,FALSE,Not in plan,FALSE,1,9/30/2022,0,
394,Robin,Rodriguez,Male,he/him,34,6/30/1988,HR,Corporate,2,Senior Director,"Seattle, WA",,83436,FALSE,0,TRUE,0.0449,Full-time,Active,6/30/2022,,White,Married,Master,Monthly,FALSE,FALSE,CC1008,1,Exempt,TRUE,In plan,FALSE,1,11/30/2022,0,
395,Casey,Jones,Non-binary,she/her,39,6/30/1983,Finance,Corporate,1,Manager,"New York, NY",,76787,TRUE,0.081,TRUE,0.025,Full-time,Active,6/30/2022,,White,Divorced,Bachelor,Monthly,FALSE,FALSE,CC1012,0.5,Non-exempt,FALSE,Not in plan,FALSE,0,,0,
396,Jordan,Davis,Male,he/him,30,6/30/1992,HR,Corporate,2,Analyst,"New York, NY",,91870,FALSE,0,TRUE,0.0874,Full-time,Active,6/30/2022,,White,Married,Master,Monthly,FALSE,FALSE,CC1006,1,Exempt,FALSE,Not in plan,FALSE,0,,0,
397,Morgan,Wilson,Female,she/her,36,7/31/1986,Engineering,Tech,1,Analyst,"Seattle, WA",,116968,FALSE,0,TRUE,0.0948,Full-time,Terminated,7/31/2022,7/31/2022,Hispanic,Married,Bachelor,Monthly,FALSE,FALSE,CC1009,0.8,Non-exempt,FALSE,Not in plan,FALSE,0,,0,
398,Casey,Smith,Female,he/him,22,7/31/2000,Sales,Commercial,4,Senior Manager,"Seattle, WA",,76664,FALSE,0,TRUE,0.0248,Contractor,Active,7/31/2022,,White,Single,Bachelor,Monthly,FALSE,FALSE,CC1001,0.8,Exempt,FALSE,Not in plan,FALSE,0,,0,
399,Riley,Davis,Female,she/her,28,7/31/1994,Engineering,Tech,3,Analyst,Remote,,103206,TRUE,0.186,TRUE,0.0979,Full-time,Terminated,7/31/2022,7/31/2023,Other,Single,Bachelor,Monthly,FALSE,FALSE,CC1011,1,Exempt,FALSE,Not in plan,FALSE,1,8/31/2022,0,
400,Riley,Wilson,Non-binary,he/him,29,7/31/1993,Finance,Corporate,1,Senior Manager,"Austin, TX",,92842,TRUE,0.154,TRUE,0.0808,Full-time,Active,7/31/2022,,Asian,Single,Master,Monthly,FALSE,FALSE,CC1003,0.5,Non-exempt,FALSE,Not in plan,FALSE,2,11/30/2022,0,
401,Alex,Davis,Male,she/her,22,7/31/2000,Finance,Corporate,2,Senior Director,"San Francisco, CA",,82283,FALSE,0,TRUE,0.0152,Full-time,Active,7/31/2022,,Asian,Single,Bachelor,Monthly,FALSE,FALSE,CC1015,1,Exempt,FALSE,Not in plan,FALSE,1,10/31/2022,0,
402,Taylor,Johnson,Female,she/her,38,7/31/1984,Customer Success,Commercial,1,Analyst,"New York, NY",,74580,TRUE,0.174,TRUE,0.0379,Full-time,Terminated,7/31/2022,12/31/2024,Black,Married,Master,Monthly,FALSE,FALSE,CC1001,0.8,Non-exempt,FALSE,Not in plan,FALSE,1,8/31/2022,0,
403,Riley,Rodriguez,Male,he/him,38,7/31/1984,Finance,Corporate,1,VP,"Austin, TX",,71744,FALSE,0,TRUE,0.0366,Full-time,Active,7/31/2022,,White,Single,Bachelor,Monthly,FALSE,FALSE,CC1006,1,Non-exempt,FALSE,Not in plan,FALSE,2,6/30/2023,0,
404,Cameron,Garcia,Male,he/him,37,8/31/1985,Engineering,Tech,1,Senior Manager,Remote,,121728,FALSE,0,FALSE,0,Full-time,Terminated,8/31/2022,3/31/2024,White,Single,Bachelor,Monthly,FALSE,FALSE,CC1012,1,Non-exempt,TRUE,In plan,TRUE,1,4/30/2023,0,
405,Cameron,Smith,Male,he/him,48,8/31/1974,Product,Tech,2,Senior Director,"Seattle, WA",,98519,FALSE,0,TRUE,0.0145,Full-time,Active,8/31/2022,,Asian,Single,Bachelor,Monthly,FALSE,FALSE,CC1016,0.8,Exempt,TRUE,In plan,FALSE,1,6/30/2023,0,
406,Taylor,Brown,Female,she/her,26,8/31/1996,Marketing,Commercial,3,Senior Director,"New York, NY",,88699,TRUE,0.056,TRUE,0.0765,Full-time,Terminated,8/31/2022,12/31/2022,White,Married,Bachelor,Monthly,FALSE,FALSE,CC1016,1,Exempt,FALSE,Not in plan,FALSE,1,2/28/2023,0,
407,Drew,Garcia,Female,ze/zir,35,8/31/1987,Sales,Commercial,3,Senior Director,"San Francisco, CA",,91738,FALSE,0,TRUE,0.0958,Full-time,Active,8/31/2022,,White,Married,Bachelor,Monthly,FALSE,FALSE,CC1004,0.8,Exempt,FALSE,Not in plan,FALSE,0,,0,
408,Robin,Smith,Male,she/her,33,8/31/1989,Engineering,Tech,1,Senior Director,"Austin, TX",,148373,FALSE,0,TRUE,0.0775,Full-time,Active,8/31/2022,,Hispanic,Married,Bachelor,Monthly,FALSE,FALSE,CC1002,1,Non-exempt,FALSE,Not in plan,FALSE,2,2/28/2023,0,
409,Jordan,Wilson,Female,he/him,39,8/31/1983,Support,Tech,4,Senior Director,Remote,,63311,FALSE,0,TRUE,0.0441,Part-time,Active,8/31/2022,,Hispanic,Married,Bachelor,Monthly,FALSE,FALSE,CC1002,0.8,Exempt,FALSE,Not in plan,FALSE,1,5/31/2023,0,
410,Robin,Miller,Male,he/him,37,8/31/1985,Engineering,Tech,2,Senior Analyst,"New York, NY",,108243,FALSE,0,FALSE,0,Full-time,Terminated,8/31/2022,1/31/2025,Black,Married,Master,Monthly,FALSE,FALSE,CC1014,0.8,Exempt,FALSE,Not in plan,FALSE,1,4/30/2023,0,
411,Casey,Brown,Male,he/him,24,8/31/1998,Finance,Corporate,4,VP,"New York, NY",,77109,FALSE,0,TRUE,0.015,Full-time,Active,8/31/2022,,White,Married,Bachelor,Monthly,FALSE,FALSE,CC1019,0.5,Exempt,FALSE,Not in plan,FALSE,1,9/30/2022,0,
412,Jordan,Smith,Male,she/her,35,8/31/1987,Sales,Commercial,4,Senior Manager,"Austin, TX",,100484,TRUE,0.16,FALSE,0,Full-time,Terminated,8/31/2022,11/30/2024,White,Married,Bachelor,Monthly,FALSE,FALSE,CC1009,1,Exempt,FALSE,Not in plan,FALSE,1,9/30/2022,0,
413,Casey,Davis,Male,she/her,36,8/31/1986,Engineering,Tech,1,Analyst,"San Francisco, CA",,131324,FALSE,0,TRUE,0.0932,Full-time,Active,8/31/2022,,Asian,Single,Master,Monthly,FALSE,FALSE,CC1009,1,Non-exempt,FALSE,Not in plan,FALSE,1,3/31/2023,0,
414,Robin,Brown,Male,he/him,35,8/31/1987,Finance,Corporate,2,Analyst,"San Francisco, CA",,77764,FALSE,0,TRUE,0.0775,Full-time,Active,8/31/2022,,White,Single,Bachelor,Monthly,FALSE,FALSE,CC1014,1,Exempt,FALSE,Not in plan,FALSE,2,10/31/2022,0,
415,Cameron,Smith,Male,she/her,40,8/31/1982,Customer Success,Commercial,2,Analyst,Remote,,67332,FALSE,0,TRUE,0.0231,Full-time,Active,8/31/2022,,Asian,Married,High School,Monthly,FALSE,FALSE,CC1007,1,Exempt,FALSE,Not in plan,FALSE,1,2/28/2023,0,
416,Drew,Wilson,Female,she/her,36,8/31/1986,Engineering,Tech,3,Director,"San Francisco, CA",,108184,TRUE,0.19,FALSE,0,Full-time,Active,8/31/2022,,Black,Single,Bachelor,Monthly,FALSE,FALSE,CC1001,1,Exempt,FALSE,Not in plan,FALSE,1,2/28/2023,0,
417,Casey,Wilson,Female,he/him,22,8/31/2000,Sales,Commercial,2,Senior Analyst,"New York, NY",,88206,TRUE,0.157,TRUE,0.0808,Full-time,Active,8/31/2022,,White,Single,Bachelor,Monthly,FALSE,FALSE,CC1006,1,Exempt,FALSE,Not in plan,FALSE,1,7/31/2023,0,
418,Drew,Davis,Female,he/him,30,8/31/1992,Marketing,Commercial,3,Manager,"Seattle, WA",,73107,TRUE,0.175,TRUE,0.062,Part-time,Active,8/31/2022,,White,Single,Bachelor,Monthly,FALSE,FALSE,CC1003,1,Exempt,FALSE,Not in plan,FALSE,1,5/31/2023,0,
419,Jamie,Miller,Female,he/him,33,9/30/1989,Product,Tech,1,Senior Director,"San Francisco, CA",,122793,TRUE,0.152,TRUE,0.0981,Full-time,Terminated,9/30/2022,4/30/2024,White,Married,Associate,Monthly,FALSE,FALSE,CC1004,0.8,Non-exempt,FALSE,Not in plan,FALSE,2,6/30/2023,0,
420,Cameron,Smith,Male,she/her,30,9/30/1992,Finance,Corporate,3,Senior Analyst,"San Francisco, CA",,80025,FALSE,0,TRUE,0.0353,Contractor,Active,9/30/2022,,Asian,Married,Bachelor,Monthly,FALSE,FALSE,CC1018,1,Exempt,FALSE,Not in plan,FALSE,0,,0,
421,Taylor,Williams,Male,he/him,30,9/30/1992,Finance,Corporate,1,Analyst,"Austin, TX",,93908,TRUE,0.193,FALSE,0,Full-time,Active,9/30/2022,,White,Married,Bachelor,Monthly,FALSE,FALSE,CC1007,0.5,Non-exempt,FALSE,Not in plan,FALSE,1,6/30/2023,0,
422,Jordan,Williams,Male,he/him,51,9/30/1971,Sales,Commercial,3,Senior Director,"Seattle, WA",,89019,TRUE,0.122,TRUE,0.0196,Contractor,Active,9/30/2022,,White,Single,Bachelor,Monthly,TRUE,FALSE,CC1007,0.8,Exempt,FALSE,Not in plan,FALSE,1,7/30/2023,0,
423,Casey,Wilson,Male,he/him,39,9/30/1983,Operations,Corporate,1,Senior Director,"Seattle, WA",,68164,FALSE,0,TRUE,0.0887,Part-time,Active,9/30/2022,,Asian,Married,Bachelor,Monthly,FALSE,FALSE,CC1018,0.8,Non-exempt,FALSE,Not in plan,FALSE,1,11/30/2022,0,
424,Riley,Davis,Female,he/him,24,9/30/1998,Engineering,Tech,4,Senior Analyst,"Austin, TX",,98947,FALSE,0,TRUE,0.0512,Full-time,Active,9/30/2022,,White,Married,Master,Monthly,FALSE,FALSE,CC1007,0.5,Exempt,FALSE,Not in plan,FALSE,0,,0,
425,Riley,Jones,Male,she/her,36,9/30/1986,Product,Tech,3,Manager,"Seattle, WA",,96853,TRUE,0.135,TRUE,0.0224,Full-time,Terminated,9/30/2022,12/30/2022,Asian,Single,Master,Monthly,FALSE,FALSE,CC1002,0.5,Exempt,TRUE,In plan,FALSE,1,4/30/2023,0,
426,Robin,Smith,Female,he/him,45,10/31/1977,Customer Success,Commercial,4,Senior Director,"Seattle, WA",,65885,FALSE,0,TRUE,0.0972,Part-time,Active,10/31/2022,,Black,Single,Master,Monthly,FALSE,FALSE,CC1004,1,Exempt,FALSE,Not in plan,FALSE,0,,0,
427,Alex,Jones,Female,they/them,41,10/31/1981,Support,Tech,1,Analyst,"Seattle, WA",,54055,TRUE,0.179,FALSE,0,Full-time,Terminated,10/31/2022,3/31/2025,Hispanic,Single,Bachelor,Monthly,FALSE,FALSE,CC1003,0.5,Non-exempt,FALSE,Not in plan,FALSE,1,1/31/2023,0,
428,Robin,Davis,Male,she/her,44,10/31/1978,Customer Success,Commercial,1,Manager,"Austin, TX",,59623,FALSE,0,TRUE,0.0958,Full-time,Active,10/31/2022,,Hispanic,Single,Bachelor,Monthly,FALSE,FALSE,CC1007,1,Non-exempt,TRUE,In plan,FALSE,0,,0,
429,Cameron,Miller,Male,they/them,28,10/31/1994,Finance,Corporate,1,Senior Analyst,"Seattle, WA",,70525,FALSE,0,TRUE,0.0127,Full-time,Active,10/31/2022,,White,Married,Master,Monthly,FALSE,FALSE,CC1004,1,Non-exempt,FALSE,Not in plan,FALSE,1,9/30/2023,0,
430,Morgan,Miller,Female,she/her,22,10/31/2000,Product,Tech,3,Senior Analyst,"Seattle, WA",,112676,FALSE,0,TRUE,0.0379,Part-time,Active,10/31/2022,,White,Widowed,Master,Monthly,FALSE,FALSE,CC1013,1,Exempt,FALSE,Not in plan,FALSE,0,,0,
431,Riley,Davis,Female,he/him,30,10/31/1992,Engineering,Tech,2,Director,Remote,,139333,TRUE,0.149,TRUE,0.0327,Full-time,Active,10/31/2022,,White,Married,Bachelor,Monthly,FALSE,FALSE,CC1018,1,Exempt,TRUE,In plan,FALSE,4,9/30/2023,0,
432,Riley,Rodriguez,Male,she/her,46,10/31/1976,Operations,Corporate,1,Senior Director,Remote,,76041,FALSE,0,TRUE,0.0851,Full-time,Terminated,10/31/2022,6/30/2024,Hispanic,Married,Bachelor,Monthly,FALSE,FALSE,CC1004,1,Non-exempt,FALSE,Not in plan,FALSE,1,4/30/2023,0,
433,Jordan,Jones,Female,she/her,26,10/31/1996,Customer Success,Commercial,2,Director,Remote,,67703,FALSE,0,TRUE,0.0147,Full-time,Active,10/31/2022,,White,Single,Bachelor,Monthly,FALSE,FALSE,CC1007,1,Exempt,FALSE,Not in plan,FALSE,0,,0,
434,Jamie,Wilson,Male,she/her,35,10/31/1987,Engineering,Tech,2,Manager,"Austin, TX",,134698,FALSE,0,TRUE,0.0552,Full-time,Terminated,10/31/2022,7/31/2024,Asian,Married,Bachelor,Monthly,FALSE,FALSE,CC1013,0.8,Exempt,FALSE,Not in plan,FALSE,2,3/31/2023,0,
435,Alex,Rodriguez,Male,she/her,27,10/31/1995,Sales,Commercial,2,VP,"New York, NY",,81520,TRUE,0.081,TRUE,0.0673,Part-time,Terminated,10/31/2022,10/31/2024,White,Married,Master,Monthly,FALSE,FALSE,CC1012,1,Exempt,TRUE,In plan,FALSE,1,12/31/2022,0,
436,Taylor,Brown,Female,she/her,30,10/31/1992,Finance,Corporate,1,Director,"New York, NY",,86094,FALSE,0,TRUE,0.0138,Full-time,Active,10/31/2022,,White,Single,Bachelor,Monthly,FALSE,FALSE,CC1003,1,Non-exempt,FALSE,Not in plan,TRUE,0,,0,
437,Drew,Smith,Male,she/her,22,10/31/2000,Operations,Corporate,4,Senior Analyst,"Seattle, WA",,75556,FALSE,0,TRUE,0.0676,Full-time,Terminated,10/31/2022,1/31/2023,White,Single,Bachelor,Monthly,TRUE,FALSE,CC1018,1,Exempt,FALSE,Not in plan,FALSE,0,,0,
438,Cameron,Miller,Female,she/her,26,11/30/1996,Sales,Commercial,3,Director,Remote,,89843,TRUE,0.051,TRUE,0.0638,Full-time,Active,11/30/2022,,Hispanic,Single,Master,Monthly,FALSE,FALSE,CC1009,1,Exempt,FALSE,Not in plan,FALSE,0,,0,
439,Riley,Smith,Female,he/him,31,11/30/1991,Finance,Corporate,1,Director,"Austin, TX",,80999,FALSE,0,TRUE,0.077,Full-time,Active,11/30/2022,,Black,Single,Bachelor,Monthly,FALSE,FALSE,CC1018,0.8,Non-exempt,FALSE,Not in plan,FALSE,1,1/30/2023,0,
440,Taylor,Jones,Male,she/her,43,11/30/1979,Sales,Commercial,3,Manager,"New York, NY",,94531,TRUE,0.182,FALSE,0,Full-time,Active,11/30/2022,,White,Single,Master,Monthly,FALSE,FALSE,CC1008,1,Exempt,FALSE,Not in plan,FALSE,1,8/30/2023,0,
441,Alex,Smith,Male,she/her,46,11/30/1976,Sales,Commercial,1,Director,"New York, NY",,103773,FALSE,0,TRUE,0.0848,Full-time,Active,11/30/2022,,Hispanic,Married,High School,Monthly,FALSE,FALSE,CC1019,0.8,Non-exempt,FALSE,Not in plan,FALSE,2,3/30/2023,0,
442,Riley,Jones,Male,he/him,39,11/30/1983,Customer Success,Commercial,2,Manager,"New York, NY",,84479,FALSE,0,TRUE,0.035,Full-time,Active,11/30/2022,,Asian,Married,Bachelor,Monthly,FALSE,FALSE,CC1012,0.8,Exempt,FALSE,Not in plan,FALSE,1,9/30/2023,0,
443,Alex,Jones,Male,she/her,37,11/30/1985,Engineering,Tech,1,Director,Remote,,115595,FALSE,0,TRUE,0.0466,Contractor,Active,11/30/2022,,White,Married,Associate,Monthly,FALSE,FALSE,CC1010,1,Non-exempt,FALSE,Not in plan,FALSE,0,,0,
444,Casey,Wilson,Female,he/him,43,11/30/1979,Marketing,Commercial,2,Director,"Austin, TX",,76767,TRUE,0.119,TRUE,0.0998,Full-time,Active,11/30/2022,,White,Married,Bachelor,Monthly,FALSE,FALSE,CC1008,1,Exempt,FALSE,Not in plan,TRUE,1,3/30/2023,0,
445,Taylor,Davis,Female,she/her,32,11/30/1990,Customer Success,Commercial,2,VP,"San Francisco, CA",,74601,FALSE,0,TRUE,0.02,Full-time,Terminated,11/30/2022,1/30/2025,White,Married,PhD,Monthly,FALSE,FALSE,CC1001,1,Exempt,FALSE,Not in plan,FALSE,1,7/30/2023,0,
446,Cameron,Davis,Female,he/him,33,11/30/1989,Marketing,Commercial,2,Director,Remote,,91018,FALSE,0,FALSE,0,Full-time,Active,11/30/2022,,White,Married,Bachelor,Monthly,FALSE,FALSE,CC1017,1,Exempt,FALSE,Not in plan,FALSE,0,,0,
447,Robin,Williams,Male,he/him,41,11/30/1981,Engineering,Tech,3,Senior Director,"New York, NY",,99334,FALSE,0,TRUE,0.0358,Full-time,Active,11/30/2022,,Hispanic,Married,Master,Monthly,FALSE,FALSE,CC1006,1,Exempt,FALSE,Not in plan,FALSE,0,,0,
448,Morgan,Garcia,Male,he/him,38,12/31/1984,Finance,Corporate,4,VP,"San Francisco, CA",,87779,FALSE,0,FALSE,0,Full-time,Active,12/31/2022,,Black,Divorced,High School,Monthly,FALSE,FALSE,CC1017,1,Exempt,FALSE,Not in plan,FALSE,0,,0,
449,Cameron,Wilson,Male,he/him,33,12/31/1989,Sales,Commercial,2,Senior Analyst,"New York, NY",,104492,TRUE,0.072,TRUE,0.012,Part-time,Terminated,12/31/2022,3/31/2024,White,Married,Master,Monthly,FALSE,FALSE,CC1007,1,Exempt,FALSE,Not in plan,FALSE,0,,0,
450,Jamie,Wilson,Male,he/him,30,12/31/1992,Finance,Corporate,1,Senior Analyst,"Seattle, WA",,94458,FALSE,0,TRUE,0.0252,Full-time,Terminated,12/31/2022,7/31/2023,White,Single,Bachelor,Monthly,FALSE,FALSE,CC1013,0.8,Non-exempt,FALSE,Not in plan,FALSE,2,1/31/2023,0,
451,Robin,Smith,Non-binary,he/him,25,12/31/1997,Engineering,Tech,2,Analyst,"San Francisco, CA",,116276,FALSE,0,TRUE,0.0774,Full-time,Active,12/31/2022,,White,Single,Master,Monthly,FALSE,FALSE,CC1004,1,Exempt,FALSE,Not in plan,FALSE,0,,0,
452,Jamie,Williams,Female,she/her,27,12/31/1995,Sales,Commercial,1,Senior Analyst,"New York, NY",,89899,TRUE,0.06,TRUE,0.0277,Full-time,Active,12/31/2022,,White,Married,Bachelor,Monthly,FALSE,FALSE,CC1001,1,Non-exempt,FALSE,Not in plan,FALSE,0,,0,
453,Taylor,Brown,Female,she/her,25,12/31/1997,Customer Success,Commercial,1,Senior Director,"San Francisco, CA",,67388,FALSE,0,TRUE,0.0729,Contractor,Active,12/31/2022,,White,Single,Master,Monthly,FALSE,FALSE,CC1018,1,Non-exempt,FALSE,Not in plan,FALSE,0,,0,
454,Morgan,Miller,Female,he/him,36,12/31/1986,Engineering,Tech,2,Director,"New York, NY",,127319,FALSE,0,TRUE,0.0829,Full-time,Active,12/31/2022,,White,Married,Bachelor,Monthly,FALSE,FALSE,CC1018,1,Exempt,FALSE,Not in plan,FALSE,3,10/31/2023,0,
455,Jordan,Williams,Non-binary,he/him,34,12/31/1988,Product,Tech,2,Senior Director,"New York, NY",,98306,FALSE,0,TRUE,0.0741,Full-time,Active,12/31/2022,,White,Married,Bachelor,Monthly,FALSE,FALSE,CC1016,1,Exempt,FALSE,Not in plan,FALSE,2,10/31/2023,0,
456,Jordan,Wilson,Non-binary,she/her,26,12/31/1996,HR,Corporate,3,Senior Director,"San Francisco, CA",,67774,FALSE,0,TRUE,0.0127,Full-time,Active,12/31/2022,,Other,Divorced,Bachelor,Monthly,FALSE,FALSE,CC1001,1,Exempt,FALSE,Not in plan,FALSE,1,4/30/2023,0,
457,Riley,Brown,Female,he/him,31,12/31/1991,Engineering,Tech,1,Senior Director,"San Francisco, CA",,123122,FALSE,0,FALSE,0,Full-time,Terminated,12/31/2022,5/31/2023,White,Married,Associate,Monthly,FALSE,FALSE,CC1017,1,Non-exempt,TRUE,In plan,FALSE,1,9/30/2023,0,
458,Cameron,Williams,Female,she/her,38,12/31/1984,Product,Tech,3,VP,"Seattle, WA",,106349,FALSE,0,TRUE,0.0814,Full-time,Active,12/31/2022,,White,Married,Bachelor,Monthly,FALSE,FALSE,CC1003,0.8,Exempt,FALSE,Not in plan,FALSE,1,1/31/2023,0,
459,Morgan,Wilson,Female,she/her,47,12/31/1975,Product,Tech,2,Senior Manager,"San Francisco, CA",,98585,FALSE,0,TRUE,0.0865,Contractor,Terminated,12/31/2022,1/31/2023,Other,Married,Bachelor,Monthly,FALSE,FALSE,CC1002,1,Exempt,FALSE,Not in plan,FALSE,0,,0,
460,Taylor,Williams,Female,he/him,32,1/31/1991,Support,Tech,2,Senior Manager,Remote,,64796,FALSE,0,TRUE,0.0203,Full-time,Active,1/31/2023,,White,Single,Bachelor,Monthly,FALSE,FALSE,CC1003,1,Exempt,FALSE,Not in plan,FALSE,0,,0,
461,Cameron,Davis,Male,she/her,28,1/31/1995,Engineering,Tech,1,Director,"Seattle, WA",,121455,FALSE,0,TRUE,0.0536,Full-time,Active,1/31/2023,,Hispanic,Single,Master,Monthly,FALSE,FALSE,CC1007,1,Non-exempt,FALSE,Not in plan,FALSE,0,,0,
462,Taylor,Jones,Female,she/her,36,1/31/1987,Marketing,Commercial,4,Manager,"San Francisco, CA",,80918,TRUE,0.138,FALSE,0,Full-time,Active,1/31/2023,,White,Married,Bachelor,Monthly,FALSE,FALSE,CC1017,1,Exempt,FALSE,Not in plan,FALSE,0,,0,
463,Jordan,Miller,Male,she/her,37,1/31/1986,Engineering,Tech,1,Manager,"San Francisco, CA",,132741,FALSE,0,TRUE,0.0348,Full-time,Active,1/31/2023,,White,Divorced,Associate,Monthly,FALSE,FALSE,CC1012,1,Non-exempt,TRUE,In plan,FALSE,2,7/31/2023,0,
464,Casey,Davis,Female,she/her,44,1/31/1979,Engineering,Tech,4,Senior Director,Remote,,121550,FALSE,0,TRUE,0.0662,Full-time,Terminated,1/31/2023,12/31/2024,White,Single,Associate,Monthly,FALSE,FALSE,CC1011,1,Exempt,TRUE,In plan,FALSE,1,4/30/2023,0,
465,Jordan,Smith,Male,she/her,41,1/31/1982,Marketing,Commercial,1,Manager,"Seattle, WA",,80972,TRUE,0.08,TRUE,0.0512,Full-time,Active,1/31/2023,,Hispanic,Married,Bachelor,Monthly,FALSE,FALSE,CC1009,1,Non-exempt,FALSE,Not in plan,FALSE,3,12/31/2023,0,
466,Alex,Brown,Male,she/her,46,1/31/1977,Support,Tech,2,Senior Manager,"Austin, TX",,71439,FALSE,0,TRUE,0.0975,Full-time,Active,1/31/2023,,Asian,Single,Bachelor,Monthly,FALSE,FALSE,CC1017,1,Exempt,FALSE,Not in plan,TRUE,1,3/31/2023,0,
467,Cameron,Johnson,Female,he/him,33,1/31/1990,Sales,Commercial,3,Senior Director,"New York, NY",,83314,TRUE,0.177,TRUE,0.0268,Full-time,Active,1/31/2023,,White,Married,Bachelor,Monthly,FALSE,FALSE,CC1000,1,Exempt,FALSE,Not in plan,FALSE,0,,0,
468,Jordan,Williams,Male,she/her,24,2/28/1999,Customer Success,Commercial,2,Analyst,"New York, NY",,72565,TRUE,0.067,TRUE,0.0787,Full-time,Active,2/28/2023,,Hispanic,Married,Bachelor,Monthly,FALSE,FALSE,CC1000,1,Exempt,FALSE,Not in plan,FALSE,3,9/28/2023,0,
469,Jamie,Davis,Female,he/him,35,2/28/1988,Customer Success,Commercial,3,Senior Analyst,"New York, NY",,55821,FALSE,0,TRUE,0.0308,Full-time,Active,2/28/2023,,White,Married,Master,Monthly,FALSE,FALSE,CC1005,1,Exempt,FALSE,Not in plan,FALSE,1,5/28/2023,0,
470,Drew,Davis,Female,he/him,37,2/28/1986,Marketing,Commercial,2,Analyst,Remote,,77406,FALSE,0,TRUE,0.0839,Full-time,Terminated,2/28/2023,5/28/2023,White,Single,Bachelor,Monthly,FALSE,FALSE,CC1003,1,Exempt,FALSE,Not in plan,FALSE,0,,0,
471,Drew,Garcia,Female,he/him,39,2/28/1984,Sales,Commercial,2,Manager,Remote,,98364,TRUE,0.116,TRUE,0.0714,Full-time,Active,2/28/2023,,Asian,Single,Associate,Monthly,FALSE,FALSE,CC1002,1,Exempt,FALSE,Not in plan,FALSE,0,,0,
472,Robin,Rodriguez,Female,they/them,32,2/28/1991,Marketing,Commercial,4,Senior Director,"Seattle, WA",,77657,FALSE,0,TRUE,0.0135,Contractor,Terminated,2/28/2023,8/28/2024,Hispanic,Married,Associate,Monthly,FALSE,FALSE,CC1000,1,Exempt,FALSE,Not in plan,FALSE,3,3/28/2023,0,
473,Riley,Miller,Female,she/her,44,2/28/1979,Engineering,Tech,3,Senior Manager,"San Francisco, CA",,114116,TRUE,0.169,TRUE,0.0613,Full-time,Active,2/28/2023,,White,Divorced,High School,Monthly,TRUE,FALSE,CC1006,1,Exempt,FALSE,Not in plan,FALSE,2,8/28/2023,0,
474,Jamie,Brown,Female,she/her,26,2/28/1997,Product,Tech,2,Director,Remote,,93176,FALSE,0,TRUE,0.0902,Full-time,Active,2/28/2023,,White,Single,Bachelor,Monthly,FALSE,FALSE,CC1014,1,Exempt,FALSE,Not in plan,FALSE,1,6/28/2023,0,
475,Morgan,Jones,Male,she/her,29,2/28/1994,Engineering,Tech,1,Senior Analyst,"San Francisco, CA",,93395,FALSE,0,TRUE,0.0972,Full-time,Active,2/28/2023,,White,Single,Master,Monthly,FALSE,FALSE,CC1017,1,Non-exempt,TRUE,In plan,FALSE,0,,0,
476,Riley,Smith,Male,he/him,34,2/28/1989,Customer Success,Commercial,1,Analyst,"New York, NY",,60374,FALSE,0,FALSE,0,Part-time,Active,2/28/2023,,Hispanic,Married,Associate,Monthly,TRUE,FALSE,CC1017,1,Non-exempt,FALSE,Not in plan,FALSE,0,,0,
477,Jamie,Brown,Male,she/her,33,2/28/1990,Customer Success,Commercial,2,Senior Manager,"Seattle, WA",,80265,TRUE,0.141,TRUE,0.0848,Full-time,Terminated,2/28/2023,6/28/2024,Black,Married,Associate,Monthly,FALSE,FALSE,CC1016,1,Exempt,FALSE,Not in plan,FALSE,3,4/28/2023,0,
478,Drew,Rodriguez,Female,she/her,24,2/28/1999,Customer Success,Commercial,2,Senior Manager,"Seattle, WA",,68512,FALSE,0,FALSE,0,Full-time,Active,2/28/2023,,White,Single,Bachelor,Monthly,FALSE,FALSE,CC1004,1,Exempt,FALSE,Not in plan,FALSE,1,4/28/2023,0,
479,Jordan,Brown,Male,he/him,46,2/28/1977,Engineering,Tech,1,Manager,Remote,,128750,TRUE,0.196,TRUE,0.0191,Full-time,Terminated,2/28/2023,1/28/2025,White,Married,Bachelor,Monthly,FALSE,FALSE,CC1005,0.8,Non-exempt,FALSE,Not in plan,FALSE,0,,0,
480,Cameron,Garcia,Male,he/him,32,2/28/1991,Sales,Commercial,1,Senior Manager,"New York, NY",,89610,TRUE,0.087,FALSE,0,Full-time,Terminated,2/28/2023,1/28/2025,White,Single,Associate,Monthly,TRUE,FALSE,CC1011,1,Non-exempt,FALSE,Not in plan,FALSE,2,4/28/2023,0,
481,Casey,Brown,Male,he/him,22,2/28/2001,Engineering,Tech,3,VP,"Seattle, WA",,112791,TRUE,0.087,TRUE,0.0223,Full-time,Active,2/28/2023,,White,Married,Bachelor,Monthly,FALSE,FALSE,CC1018,1,Exempt,FALSE,Not in plan,FALSE,0,,0,
482,Cameron,Johnson,Male,he/him,33,2/28/1990,Engineering,Tech,2,Senior Analyst,"San Francisco, CA",,115987,TRUE,0.169,FALSE,0,Full-time,Terminated,2/28/2023,11/28/2023,Asian,Single,Associate,Monthly,FALSE,FALSE,CC1013,0.8,Exempt,FALSE,Not in plan,FALSE,0,,0,
483,Morgan,Johnson,Male,they/them,36,2/28/1987,Engineering,Tech,3,Manager,Remote,,121398,TRUE,0.127,TRUE,0.0489,Full-time,Terminated,2/28/2023,10/28/2024,Other,Married,Bachelor,Monthly,FALSE,FALSE,CC1018,0.8,Exempt,FALSE,Not in plan,FALSE,2,9/28/2023,0,
484,Robin,Brown,Female,he/him,22,2/28/2001,Sales,Commercial,1,VP,Remote,,102186,TRUE,0.183,TRUE,0.0655,Full-time,Active,2/28/2023,,Black,Married,Master,Monthly,FALSE,FALSE,CC1019,0.8,Non-exempt,FALSE,Not in plan,FALSE,0,,0,
485,Robin,Smith,Female,he/him,25,3/31/1998,Sales,Commercial,1,Manager,"San Francisco, CA",,90124,TRUE,0.063,TRUE,0.0858,Contractor,Active,3/31/2023,,Hispanic,Married,Bachelor,Monthly,FALSE,FALSE,CC1007,1,Non-exempt,FALSE,Not in plan,FALSE,1,10/31/2023,0,
486,Riley,Davis,Female,she/her,51,3/31/1972,Sales,Commercial,1,Analyst,"Austin, TX",,80529,TRUE,0.184,FALSE,0,Part-time,Terminated,3/31/2023,4/30/2024,Black,Single,Bachelor,Monthly,FALSE,FALSE,CC1007,1,Non-exempt,FALSE,Not in plan,FALSE,4,1/31/2024,0,
487,Casey,Miller,Male,he/him,28,3/31/1995,Sales,Commercial,1,Director,"New York, NY",,91570,TRUE,0.075,TRUE,0.0858,Full-time,Active,3/31/2023,,White,Married,PhD,Monthly,FALSE,FALSE,CC1013,1,Non-exempt,FALSE,Not in plan,FALSE,0,,0,
488,Cameron,Wilson,Male,he/him,31,3/31/1992,Sales,Commercial,1,Manager,Remote,,74016,TRUE,0.087,TRUE,0.0747,Part-time,Active,3/31/2023,,Asian,Married,Master,Monthly,FALSE,FALSE,CC1009,1,Non-exempt,FALSE,Not in plan,FALSE,1,7/31/2023,0,
489,Jordan,Williams,Male,she/her,28,3/31/1995,Customer Success,Commercial,3,VP,Remote,,75730,FALSE,0,TRUE,0.0861,Full-time,Active,3/31/2023,,White,Single,Bachelor,Monthly,FALSE,FALSE,CC1008,0.8,Exempt,FALSE,Not in plan,FALSE,2,12/31/2023,0,
490,Drew,Garcia,Male,he/him,38,3/31/1985,Marketing,Commercial,1,Senior Manager,"New York, NY",,86453,TRUE,0.075,TRUE,0.0595,Full-time,Active,3/31/2023,,Hispanic,Single,Bachelor,Monthly,FALSE,FALSE,CC1008,1,Non-exempt,TRUE,In plan,TRUE,2,4/30/2023,0,
491,Drew,Johnson,Male,he/him,46,3/31/1977,Operations,Corporate,4,Manager,"New York, NY",,74175,FALSE,0,FALSE,0,Full-time,Active,3/31/2023,,White,Married,Bachelor,Monthly,FALSE,FALSE,CC1009,1,Exempt,TRUE,In plan,FALSE,0,,0,
492,Robin,Smith,Male,he/him,40,3/31/1983,Sales,Commercial,3,Senior Analyst,"New York, NY",,94132,TRUE,0.143,TRUE,0.0652,Full-time,Active,3/31/2023,,White,Married,Master,Monthly,FALSE,FALSE,CC1006,1,Exempt,FALSE,Not in plan,FALSE,0,,0,
493,Jordan,Johnson,Male,she/her,33,3/31/1990,HR,Corporate,3,Senior Manager,"San Francisco, CA",,86993,TRUE,0.108,TRUE,0.0726,Full-time,Active,3/31/2023,,White,Married,PhD,Monthly,FALSE,FALSE,CC1006,1,Exempt,FALSE,Not in plan,FALSE,1,6/30/2023,0,
494,Drew,Rodriguez,Male,he/him,39,3/31/1984,Engineering,Tech,2,Director,"New York, NY",,129304,FALSE,0,TRUE,0.0359,Full-time,Terminated,3/31/2023,12/31/2023,Black,Single,High School,Monthly,FALSE,FALSE,CC1014,1,Exempt,FALSE,Not in plan,FALSE,1,7/31/2023,0,
495,Robin,Wilson,Male,she/her,28,3/31/1995,Support,Tech,1,Director,"Austin, TX",,66394,FALSE,0,TRUE,0.0927,Full-time,Active,3/31/2023,,Black,Single,Master,Monthly,FALSE,FALSE,CC1014,0.8,Non-exempt,FALSE,Not in plan,FALSE,0,,0,
496,Jordan,Smith,Female,she/her,31,3/31/1992,Sales,Commercial,2,VP,"Seattle, WA",,82299,TRUE,0.083,TRUE,0.0964,Full-time,Active,3/31/2023,,Asian,Married,Master,Monthly,FALSE,FALSE,CC1002,0.8,Exempt,FALSE,Not in plan,FALSE,1,2/29/2024,0,
497,Morgan,Smith,Female,she/her,26,3/31/1997,Marketing,Commercial,3,VP,"Austin, TX",,71625,TRUE,0.063,TRUE,0.038,Contractor,Active,3/31/2023,,White,Married,Bachelor,Monthly,FALSE,FALSE,CC1017,1,Exempt,FALSE,Not in plan,FALSE,0,,0,
498,Morgan,Jones,Male,she/her,37,3/31/1986,Customer Success,Commercial,2,Senior Director,"New York, NY",,67935,FALSE,0,TRUE,0.0462,Full-time,Terminated,3/31/2023,4/30/2023,Black,Married,Bachelor,Monthly,FALSE,FALSE,CC1014,1,Exempt,FALSE,Not in plan,FALSE,0,,0,
499,Casey,Williams,Male,he/him,38,3/31/1985,Product,Tech,3,Senior Manager,"New York, NY",,89530,FALSE,0,TRUE,0.0602,Full-time,Active,3/31/2023,,Hispanic,Single,Bachelor,Monthly,FALSE,TRUE,CC1005,1,Exempt,FALSE,Not in plan,FALSE,2,7/31/2023,0,
500,Jamie,Wilson,Male,she/her,42,4/30/1981,Marketing,Commercial,4,Director,"San Francisco, CA",,99667,TRUE,0.086,TRUE,0.0758,Full-time,Active,4/30/2023,,Black,Married,Master,Monthly,FALSE,FALSE,CC1012,0.8,Exempt,FALSE,Not in plan,FALSE,0,,0,
501,Alex,Johnson,Male,he/him,42,4/30/1981,Engineering,Tech,1,Senior Analyst,"San Francisco, CA",,117773,FALSE,0,TRUE,0.0918,Full-time,Active,4/30/2023,,Hispanic,Single,Bachelor,Monthly,FALSE,FALSE,CC1003,0.5,Non-exempt,FALSE,Not in plan,FALSE,3,2/29/2024,0,
502,Riley,Williams,Non-binary,he/him,35,4/30/1988,Finance,Corporate,3,Director,"San Francisco, CA",,74087,FALSE,0,TRUE,0.0964,Full-time,Active,4/30/2023,,Black,Married,Master,Monthly,FALSE,FALSE,CC1019,1,Exempt,TRUE,In plan,TRUE,0,,0,
503,Jordan,Davis,Male,he/him,26,4/30/1997,Engineering,Tech,1,Analyst,"Seattle, WA",,97778,FALSE,0,TRUE,0.051,Full-time,Active,4/30/2023,,White,Divorced,Bachelor,Monthly,FALSE,FALSE,CC1000,1,Non-exempt,FALSE,Not in plan,FALSE,2,3/30/2024,0,
504,Taylor,Miller,Male,he/him,28,4/30/1995,Engineering,Tech,2,Senior Director,"Seattle, WA",,138181,TRUE,0.079,FALSE,0,Full-time,Terminated,4/30/2023,12/30/2024,White,Married,Bachelor,Monthly,FALSE,FALSE,CC1016,1,Exempt,FALSE,Not in plan,FALSE,0,,0,
505,Jordan,Johnson,Female,she/her,33,4/30/1990,Engineering,Tech,2,VP,"New York, NY",,120890,FALSE,0,TRUE,0.0189,Full-time,Active,4/30/2023,,White,Single,Bachelor,Monthly,FALSE,FALSE,CC1002,0.5,Exempt,FALSE,Not in plan,FALSE,0,,0,
506,Cameron,Williams,Male,he/him,37,4/30/1986,Sales,Commercial,2,Analyst,"New York, NY",,95828,FALSE,0,FALSE,0,Full-time,Active,4/30/2023,,Black,Married,Associate,Monthly,FALSE,FALSE,CC1012,1,Exempt,FALSE,Not in plan,FALSE,2,7/30/2023,0,
507,Jordan,Rodriguez,Female,he/him,35,4/30/1988,Sales,Commercial,4,Director,"Seattle, WA",,88560,TRUE,0.142,TRUE,0.0688,Contractor,Terminated,4/30/2023,2/28/2025,White,Single,Master,Monthly,FALSE,FALSE,CC1000,1,Exempt,FALSE,Not in plan,FALSE,1,2/29/2024,0,
508,Alex,Garcia,Male,he/him,32,5/31/1991,Support,Tech,1,Senior Director,"Austin, TX",,64046,FALSE,0,TRUE,0.0387,Full-time,Active,5/31/2023,,Asian,Single,Bachelor,Monthly,FALSE,FALSE,CC1010,0.8,Non-exempt,FALSE,Not in plan,FALSE,0,,0,
509,Riley,Jones,Female,she/her,40,5/31/1983,Product,Tech,4,Director,Remote,,89224,TRUE,0.19,FALSE,0,Contractor,Active,5/31/2023,,White,Single,Associate,Monthly,FALSE,FALSE,CC1015,0.5,Exempt,FALSE,Not in plan,FALSE,0,,0,
510,Jamie,Smith,Male,he/him,22,5/31/2001,Marketing,Commercial,1,Manager,"San Francisco, CA",,80040,FALSE,0,TRUE,0.0253,Full-time,Active,5/31/2023,,White,Single,Bachelor,Monthly,FALSE,FALSE,CC1001,0.8,Non-exempt,FALSE,Not in plan,FALSE,0,,0,
511,Jordan,Wilson,Male,he/him,37,5/31/1986,Sales,Commercial,1,Senior Manager,"San Francisco, CA",,75014,TRUE,0.174,TRUE,0.0708,Contractor,Active,5/31/2023,,Black,Married,PhD,Monthly,FALSE,FALSE,CC1018,1,Non-exempt,FALSE,Not in plan,FALSE,0,,0,
512,Jamie,Miller,Female,he/him,34,5/31/1989,Sales,Commercial,5,Manager,"New York, NY",,74035,TRUE,0.09,TRUE,0.0412,Full-time,Terminated,5/31/2023,8/31/2023,Black,Married,Bachelor,Monthly,FALSE,FALSE,CC1005,0.5,Exempt,TRUE,In plan,FALSE,2,1/31/2024,0,
513,Robin,Garcia,Male,she/her,35,5/31/1988,Engineering,Tech,4,Senior Director,"Seattle, WA",,128053,TRUE,0.143,TRUE,0.0602,Contractor,Terminated,5/31/2023,9/30/2023,White,Married,Bachelor,Monthly,FALSE,FALSE,CC1007,0.8,Exempt,FALSE,Not in plan,FALSE,2,1/31/2024,0,
514,Drew,Jones,Female,she/her,39,5/31/1984,Engineering,Tech,1,Senior Manager,"Austin, TX",,124171,FALSE,0,FALSE,0,Full-time,Active,5/31/2023,,Asian,Married,Bachelor,Monthly,FALSE,FALSE,CC1018,1,Non-exempt,FALSE,Not in plan,FALSE,2,2/29/2024,0,
515,Drew,Wilson,Female,he/him,22,5/31/2001,Sales,Commercial,4,VP,"Seattle, WA",,89440,TRUE,0.056,TRUE,0.0904,Contractor,Active,5/31/2023,,White,Divorced,Bachelor,Monthly,FALSE,FALSE,CC1007,1,Exempt,FALSE,Not in plan,FALSE,1,6/30/2023,0,
516,Casey,Johnson,Female,he/him,26,5/31/1997,Customer Success,Commercial,2,Senior Analyst,"New York, NY",,75090,FALSE,0,TRUE,0.0435,Full-time,Active,5/31/2023,,White,Single,Master,Monthly,FALSE,FALSE,CC1003,0.8,Exempt,FALSE,Not in plan,FALSE,0,,0,
517,Robin,Smith,Male,she/her,32,5/31/1991,Marketing,Commercial,2,Senior Analyst,"Austin, TX",,83721,FALSE,0,TRUE,0.0647,Full-time,Active,5/31/2023,,White,Single,Associate,Monthly,FALSE,FALSE,CC1000,0.5,Exempt,FALSE,Not in plan,FALSE,1,2/29/2024,0,
518,Drew,Brown,Female,he/him,46,5/31/1977,Customer Success,Commercial,3,Manager,Remote,,74229,TRUE,0.082,TRUE,0.0227,Contractor,Active,5/31/2023,,White,Single,PhD,Monthly,FALSE,FALSE,CC1014,1,Exempt,FALSE,Not in plan,FALSE,1,3/31/2024,0,
519,Robin,Wilson,Male,she/her,35,6/30/1988,Sales,Commercial,4,Manager,"Austin, TX",,73316,TRUE,0.165,TRUE,0.0757,Full-time,Terminated,6/30/2023,7/30/2023,Asian,Single,Master,Monthly,FALSE,FALSE,CC1014,0.8,Exempt,FALSE,Not in plan,FALSE,2,8/30/2023,0,
520,Jamie,Miller,Male,he/him,43,6/30/1980,HR,Corporate,2,Senior Analyst,"Austin, TX",,69644,TRUE,0.095,TRUE,0.0519,Contractor,Terminated,6/30/2023,3/30/2024,Asian,Single,Bachelor,Monthly,FALSE,FALSE,CC1017,1,Exempt,FALSE,Not in plan,FALSE,0,,0,
521,Jordan,Miller,Male,she/her,34,6/30/1989,HR,Corporate,1,Manager,Remote,,76840,FALSE,0,TRUE,0.072,Part-time,Active,6/30/2023,,Hispanic,Married,Master,Monthly,FALSE,FALSE,CC1002,1,Non-exempt,FALSE,Not in plan,FALSE,0,,0,
522,Jordan,Johnson,Female,she/her,40,6/30/1983,Marketing,Commercial,4,Director,"San Francisco, CA",,66279,TRUE,0.126,TRUE,0.0944,Contractor,Terminated,6/30/2023,7/30/2024,Other,Single,Master,Monthly,FALSE,FALSE,CC1012,1,Exempt,FALSE,Not in plan,FALSE,0,,0,
523,Taylor,Rodriguez,Male,he/him,31,6/30/1992,Sales,Commercial,1,VP,"New York, NY",,73154,TRUE,0.057,TRUE,0.0148,Contractor,Terminated,6/30/2023,12/30/2023,White,Married,Bachelor,Monthly,FALSE,FALSE,CC1013,1,Non-exempt,FALSE,Not in plan,FALSE,1,3/30/2024,0,
524,Jamie,Jones,Male,she/her,34,6/30/1989,Engineering,Tech,1,Senior Director,"New York, NY",,109274,FALSE,0,FALSE,0,Contractor,Active,6/30/2023,,Black,Single,Master,Monthly,FALSE,FALSE,CC1018,1,Non-exempt,FALSE,Not in plan,FALSE,0,,0,
525,Taylor,Johnson,Non-binary,she/her,38,6/30/1985,Sales,Commercial,1,Senior Analyst,Remote,,83623,TRUE,0.054,FALSE,0,Full-time,Active,6/30/2023,,Other,Single,Bachelor,Monthly,FALSE,FALSE,CC1002,1,Non-exempt,TRUE,In plan,FALSE,0,,0,
526,Cameron,Garcia,Male,she/her,44,6/30/1979,Engineering,Tech,2,Director,"Seattle, WA",,107996,FALSE,0,FALSE,0,Full-time,Active,6/30/2023,,White,Widowed,Bachelor,Monthly,FALSE,FALSE,CC1016,1,Exempt,FALSE,Not in plan,FALSE,1,4/30/2024,0,
527,Cameron,Garcia,Male,she/her,44,6/30/1979,Engineering,Tech,4,VP,"Seattle, WA",,95503,FALSE,0,TRUE,0.0505,Full-time,Active,6/30/2023,,White,Married,Bachelor,Monthly,FALSE,FALSE,CC1001,1,Exempt,FALSE,Not in plan,FALSE,1,2/29/2024,0,
528,Drew,Smith,Female,she/her,33,7/31/1990,Sales,Commercial,1,Manager,Remote,,92199,TRUE,0.077,TRUE,0.029,Full-time,Active,7/31/2023,,White,Single,Associate,Monthly,FALSE,FALSE,CC1006,1,Non-exempt,TRUE,In plan,FALSE,2,4/30/2024,0,
529,Taylor,Wilson,Female,she/her,34,7/31/1989,Sales,Commercial,1,Senior Analyst,"Austin, TX",,84117,FALSE,0,TRUE,0.0815,Full-time,Active,7/31/2023,,Hispanic,Married,Bachelor,Monthly,FALSE,FALSE,CC1005,0.8,Non-exempt,FALSE,Not in plan,FALSE,1,8/31/2023,0,
530,Riley,Davis,Female,he/him,39,7/31/1984,Engineering,Tech,3,Senior Director,"San Francisco, CA",,119884,TRUE,0.082,TRUE,0.0808,Full-time,Active,7/31/2023,,Hispanic,Married,Bachelor,Monthly,FALSE,FALSE,CC1003,1,Exempt,FALSE,Not in plan,FALSE,2,4/30/2024,0,
531,Taylor,Williams,Male,he/him,26,7/31/1997,Sales,Commercial,1,Manager,"New York, NY",,88019,TRUE,0.149,TRUE,0.0185,Full-time,Active,7/31/2023,,Other,Married,Bachelor,Monthly,FALSE,FALSE,CC1015,1,Non-exempt,FALSE,Not in plan,FALSE,0,,0,
532,Jordan,Smith,Male,she/her,37,7/31/1986,Support,Tech,1,Analyst,"Seattle, WA",,69086,FALSE,0,TRUE,0.0633,Full-time,Terminated,7/31/2023,11/30/2024,Black,Married,Master,Monthly,FALSE,FALSE,CC1010,0.5,Non-exempt,FALSE,Not in plan,FALSE,3,1/31/2024,0,
533,Jordan,Johnson,Female,he/him,37,7/31/1986,Support,Tech,3,Analyst,"New York, NY",,68827,FALSE,0,TRUE,0.0786,Part-time,Terminated,7/31/2023,2/28/2025,White,Divorced,Bachelor,Monthly,FALSE,FALSE,CC1002,0.8,Exempt,TRUE,In plan,TRUE,1,12/31/2023,0,
534,Riley,Wilson,Male,she/her,22,7/31/2001,Product,Tech,1,Senior Analyst,"New York, NY",,97542,FALSE,0,TRUE,0.0209,Full-time,Active,7/31/2023,,Black,Divorced,Bachelor,Monthly,FALSE,FALSE,CC1013,1,Non-exempt,FALSE,Not in plan,TRUE,2,8/31/2023,0,
535,Alex,Wilson,Male,he/him,28,7/31/1995,Engineering,Tech,4,VP,"New York, NY",,128571,TRUE,0.114,TRUE,0.0729,Full-time,Active,7/31/2023,,White,Single,Associate,Monthly,FALSE,FALSE,CC1008,0.8,Exempt,TRUE,In plan,FALSE,1,6/30/2024,0,
536,Morgan,Garcia,Female,he/him,34,7/31/1989,Engineering,Tech,4,Manager,"New York, NY",,94984,FALSE,0,TRUE,0.0689,Full-time,Active,7/31/2023,,Black,Single,Master,Monthly,FALSE,FALSE,CC1002,1,Exempt,FALSE,Not in plan,FALSE,0,,0,
537,Morgan,Wilson,Female,she/her,41,7/31/1982,Product,Tech,1,Senior Manager,"Austin, TX",,118316,FALSE,0,TRUE,0.021,Contractor,Active,7/31/2023,,Hispanic,Single,Master,Monthly,FALSE,FALSE,CC1007,1,Non-exempt,FALSE,Not in plan,FALSE,0,,0,
538,Jamie,Brown,Male,she/her,28,8/31/1995,Sales,Commercial,4,VP,"San Francisco, CA",,100596,TRUE,0.087,TRUE,0.0602,Full-time,Active,8/31/2023,,Hispanic,Single,Master,Monthly,FALSE,FALSE,CC1015,1,Exempt,FALSE,Not in plan,FALSE,1,5/31/2024,0,
539,Casey,Rodriguez,Female,he/him,30,8/31/1993,Engineering,Tech,1,Senior Director,"San Francisco, CA",,116809,FALSE,0,TRUE,0.0271,Part-time,Active,8/31/2023,,White,Single,Associate,Monthly,FALSE,FALSE,CC1008,0.8,Non-exempt,FALSE,Not in plan,FALSE,1,12/31/2023,0,
540,Robin,Wilson,Male,she/her,23,8/31/2000,Marketing,Commercial,3,Senior Manager,"Seattle, WA",,80796,FALSE,0,TRUE,0.0648,Full-time,Active,8/31/2023,,White,Single,Bachelor,Monthly,FALSE,FALSE,CC1001,1,Exempt,FALSE,Not in plan,FALSE,0,,0,
541,Alex,Williams,Male,he/him,31,8/31/1992,Sales,Commercial,1,Senior Analyst,"Austin, TX",,88580,TRUE,0.163,TRUE,0.0181,Full-time,Active,8/31/2023,,White,Married,Master,Monthly,FALSE,FALSE,CC1011,0.5,Non-exempt,FALSE,Not in plan,FALSE,0,,0,
542,Riley,Rodriguez,Male,he/him,29,8/31/1994,Sales,Commercial,1,Senior Manager,"Austin, TX",,97337,TRUE,0.075,TRUE,0.0645,Full-time,Active,8/31/2023,,White,Single,Bachelor,Monthly,FALSE,FALSE,CC1008,1,Non-exempt,FALSE,Not in plan,FALSE,0,,0,
543,Robin,Wilson,Male,she/her,29,8/31/1994,Engineering,Tech,4,Senior Director,"Seattle, WA",,117272,TRUE,0.1,TRUE,0.028,Full-time,Active,8/31/2023,,White,Married,Bachelor,Monthly,FALSE,FALSE,CC1017,0.8,Exempt,FALSE,Not in plan,FALSE,1,7/31/2024,0,
544,Robin,Davis,Female,he/him,24,8/31/1999,Sales,Commercial,4,Senior Analyst,Remote,,91674,TRUE,0.098,TRUE,0.0667,Full-time,Active,8/31/2023,,White,Single,PhD,Monthly,FALSE,FALSE,CC1005,0.8,Exempt,FALSE,Not in plan,TRUE,2,10/31/2023,0,
545,Jamie,Garcia,Female,she/her,36,8/31/1987,HR,Corporate,3,Senior Director,"New York, NY",,75409,FALSE,0,TRUE,0.0409,Full-time,Active,8/31/2023,,Hispanic,Single,Bachelor,Monthly,FALSE,FALSE,CC1010,1,Exempt,FALSE,Not in plan,FALSE,0,,0,
546,Taylor,Miller,Male,he/him,32,8/31/1991,Engineering,Tech,2,VP,"New York, NY",,117088,FALSE,0,TRUE,0.0721,Full-time,Terminated,8/31/2023,9/30/2024,White,Single,High School,Monthly,FALSE,FALSE,CC1007,0.8,Exempt,FALSE,Not in plan,FALSE,0,,0,
547,Riley,Miller,Male,she/her,37,8/31/1986,Engineering,Tech,2,Senior Director,"Seattle, WA",,139899,FALSE,0,TRUE,0.0227,Full-time,Active,8/31/2023,,White,Married,Bachelor,Monthly,FALSE,FALSE,CC1008,0.8,Exempt,FALSE,Not in plan,FALSE,0,,0,
548,Casey,Garcia,Male,she/her,31,8/31/1992,Support,Tech,1,Director,"San Francisco, CA",,69608,FALSE,0,TRUE,0.0127,Full-time,Active,8/31/2023,,White,Divorced,Master,Monthly,FALSE,FALSE,CC1006,1,Non-exempt,TRUE,In plan,FALSE,1,3/31/2024,0,
549,Jamie,Brown,Male,they/them,40,8/31/1983,Sales,Commercial,1,Senior Analyst,"Austin, TX",,76933,FALSE,0,TRUE,0.068,Full-time,Active,8/31/2023,,Black,Married,Bachelor,Monthly,FALSE,FALSE,CC1013,1,Non-exempt,FALSE,Not in plan,FALSE,1,3/31/2024,0,
550,Jordan,Miller,Female,she/her,26,8/31/1997,Finance,Corporate,2,Manager,"Austin, TX",,85645,FALSE,0,FALSE,0,Full-time,Active,8/31/2023,,White,Married,Bachelor,Monthly,FALSE,TRUE,CC1008,0.8,Exempt,FALSE,Not in plan,FALSE,1,2/29/2024,0,
551,Cameron,Miller,Male,she/her,44,9/30/1979,Engineering,Tech,1,Manager,"San Francisco, CA",,115259,FALSE,0,TRUE,0.0901,Full-time,Active,9/30/2023,,White,Divorced,Bachelor,Monthly,FALSE,FALSE,CC1009,1,Non-exempt,TRUE,In plan,FALSE,2,12/30/2023,0,
552,Jamie,Davis,Male,she/her,34,9/30/1989,Sales,Commercial,1,VP,"Seattle, WA",,72559,TRUE,0.126,TRUE,0.0768,Full-time,Active,9/30/2023,,Black,Divorced,High School,Monthly,FALSE,FALSE,CC1001,1,Non-exempt,TRUE,In plan,FALSE,1,12/30/2023,0,
553,Jamie,Miller,Male,he/him,35,9/30/1988,HR,Corporate,3,Director,"San Francisco, CA",,63556,FALSE,0,TRUE,0.0263,Full-time,Active,9/30/2023,,White,Single,Bachelor,Monthly,FALSE,FALSE,CC1011,0.8,Exempt,FALSE,Not in plan,FALSE,1,1/30/2024,0,
554,Taylor,Brown,Female,he/him,42,9/30/1981,Operations,Corporate,1,VP,Remote,,66722,FALSE,0,TRUE,0.0434,Full-time,Active,9/30/2023,,Hispanic,Single,Associate,Monthly,FALSE,FALSE,CC1014,0.8,Non-exempt,FALSE,Not in plan,FALSE,0,,0,
555,Cameron,Wilson,Female,he/him,40,9/30/1983,Finance,Corporate,3,Senior Manager,"San Francisco, CA",,95055,FALSE,0,TRUE,0.0511,Full-time,Active,9/30/2023,,Asian,Single,Bachelor,Monthly,FALSE,FALSE,CC1018,0.5,Exempt,FALSE,Not in plan,FALSE,1,6/30/2024,0,
556,Taylor,Williams,Female,he/him,30,9/30/1993,Engineering,Tech,3,Manager,"New York, NY",,132224,TRUE,0.19,TRUE,0.0368,Full-time,Active,9/30/2023,,White,Married,Master,Monthly,FALSE,FALSE,CC1007,1,Exempt,FALSE,Not in plan,FALSE,1,12/30/2023,0,
557,Cameron,Garcia,Male,she/her,29,9/30/1994,Customer Success,Commercial,2,Director,"Austin, TX",,69224,TRUE,0.062,TRUE,0.0466,Full-time,Active,9/30/2023,,Hispanic,Married,Bachelor,Monthly,FALSE,FALSE,CC1012,1,Exempt,FALSE,Not in plan,FALSE,2,7/30/2024,0,
558,Morgan,Davis,Female,she/her,34,9/30/1989,Engineering,Tech,5,Senior Director,"Austin, TX",,113306,FALSE,0,TRUE,0.0139,Full-time,Active,9/30/2023,,Asian,Single,Bachelor,Monthly,FALSE,FALSE,CC1003,1,Exempt,FALSE,Not in plan,FALSE,1,5/30/2024,0,
559,Cameron,Davis,Male,he/him,49,9/30/1974,Engineering,Tech,3,Senior Manager,"New York, NY",,120661,TRUE,0.067,TRUE,0.0793,Contractor,Active,9/30/2023,,White,Single,High School,Monthly,FALSE,FALSE,CC1014,0.5,Exempt,TRUE,In plan,FALSE,1,3/30/2024,0,
560,Drew,Williams,Female,she/her,32,9/30/1991,Sales,Commercial,1,Manager,Remote,,90317,FALSE,0,TRUE,0.0315,Full-time,Active,9/30/2023,,Asian,Single,Bachelor,Monthly,FALSE,FALSE,CC1018,1,Non-exempt,FALSE,Not in plan,FALSE,2,12/30/2023,0,
561,Robin,Jones,Male,she/her,38,9/30/1985,Finance,Corporate,4,Manager,"San Francisco, CA",,83391,TRUE,0.107,FALSE,0,Full-time,Terminated,9/30/2023,5/30/2024,Hispanic,Divorced,Master,Monthly,TRUE,FALSE,CC1010,1,Exempt,FALSE,Not in plan,FALSE,1,3/30/2024,0,
562,Morgan,Brown,Male,he/him,42,9/30/1981,Finance,Corporate,2,Analyst,"New York, NY",,90436,FALSE,0,TRUE,0.0396,Full-time,Active,9/30/2023,,Black,Single,Bachelor,Monthly,FALSE,FALSE,CC1013,0.8,Exempt,FALSE,Not in plan,FALSE,4,3/30/2024,0,
563,Jamie,Miller,Male,he/him,37,9/30/1986,Finance,Corporate,1,Senior Analyst,"New York, NY",,90132,FALSE,0,TRUE,0.0484,Full-time,Active,9/30/2023,,White,Married,Bachelor,Monthly,FALSE,FALSE,CC1007,1,Non-exempt,FALSE,Not in plan,FALSE,0,,0,
564,Riley,Davis,Male,she/her,36,9/30/1987,Engineering,Tech,3,Director,Remote,,105227,FALSE,0,TRUE,0.0692,Full-time,Active,9/30/2023,,Hispanic,Married,Bachelor,Monthly,FALSE,FALSE,CC1015,1,Exempt,FALSE,Not in plan,FALSE,1,4/30/2024,0,
565,Jamie,Garcia,Female,he/him,42,9/30/1981,Engineering,Tech,1,VP,"New York, NY",,119365,FALSE,0,TRUE,0.0543,Part-time,Active,9/30/2023,,Asian,Single,Master,Monthly,FALSE,FALSE,CC1008,1,Non-exempt,FALSE,Not in plan,FALSE,2,2/29/2024,0,
566,Riley,Davis,Female,he/him,39,9/30/1984,Engineering,Tech,1,Manager,"Seattle, WA",,110144,FALSE,0,TRUE,0.0893,Full-time,Active,9/30/2023,,White,Married,Bachelor,Monthly,FALSE,FALSE,CC1011,1,Non-exempt,FALSE,Not in plan,FALSE,1,5/30/2024,0,
567,Drew,Rodriguez,Female,he/him,26,9/30/1997,Marketing,Commercial,1,Senior Manager,"Seattle, WA",,80878,FALSE,0,TRUE,0.0888,Full-time,Terminated,9/30/2023,9/30/2024,White,Single,High School,Monthly,FALSE,FALSE,CC1003,1,Non-exempt,FALSE,Not in plan,TRUE,1,7/30/2024,0,
568,Jamie,Davis,Male,she/her,33,9/30/1990,Product,Tech,1,VP,Remote,,115074,FALSE,0,TRUE,0.0342,Full-time,Active,9/30/2023,,Hispanic,Divorced,Bachelor,Monthly,FALSE,FALSE,CC1008,1,Non-exempt,FALSE,Not in plan,FALSE,1,7/30/2024,0,
569,Cameron,Wilson,Female,he/him,30,10/31/1993,Finance,Corporate,1,Senior Analyst,"New York, NY",,75839,FALSE,0,TRUE,0.0729,Full-time,Active,10/31/2023,,Hispanic,Married,Bachelor,Monthly,FALSE,FALSE,CC1008,1,Non-exempt,FALSE,Not in plan,TRUE,0,,0,
570,Jamie,Miller,Female,he/him,35,10/31/1988,Product,Tech,2,Senior Manager,Remote,,119986,FALSE,0,FALSE,0,Contractor,Terminated,10/31/2023,4/30/2024,White,Married,Bachelor,Monthly,FALSE,FALSE,CC1014,1,Exempt,FALSE,Not in plan,FALSE,2,11/30/2023,0,
571,Robin,Miller,Female,he/him,34,10/31/1989,Finance,Corporate,3,Senior Analyst,"San Francisco, CA",,88612,FALSE,0,FALSE,0,Full-time,Active,10/31/2023,,White,Married,Bachelor,Monthly,FALSE,TRUE,CC1019,0.8,Exempt,FALSE,Not in plan,FALSE,2,11/30/2023,0,
572,Riley,Wilson,Female,she/her,30,10/31/1993,Customer Success,Commercial,2,Senior Director,"New York, NY",,56835,FALSE,0,TRUE,0.0268,Full-time,Active,10/31/2023,,White,Divorced,Master,Monthly,FALSE,FALSE,CC1017,1,Exempt,TRUE,In plan,FALSE,0,,0,
573,Riley,Garcia,Male,she/her,22,10/31/2001,Finance,Corporate,2,Senior Manager,"New York, NY",,85065,FALSE,0,TRUE,0.0548,Full-time,Active,10/31/2023,,White,Married,Master,Monthly,FALSE,FALSE,CC1008,0.8,Exempt,FALSE,Not in plan,FALSE,1,2/29/2024,0,
574,Drew,Williams,Male,he/him,29,10/31/1994,Engineering,Tech,2,Senior Analyst,"Seattle, WA",,105208,FALSE,0,TRUE,0.0294,Full-time,Active,10/31/2023,,Hispanic,Married,Bachelor,Monthly,FALSE,FALSE,CC1018,0.8,Exempt,FALSE,Not in plan,FALSE,2,4/30/2024,0,
575,Morgan,Wilson,Female,he/him,28,10/31/1995,Engineering,Tech,2,Analyst,"Austin, TX",,140929,FALSE,0,TRUE,0.0797,Full-time,Active,10/31/2023,,Hispanic,Divorced,Bachelor,Monthly,FALSE,FALSE,CC1003,1,Exempt,FALSE,Not in plan,FALSE,0,,0,
576,Jamie,Williams,Male,he/him,28,10/31/1995,Marketing,Commercial,3,Senior Director,"San Francisco, CA",,80925,FALSE,0,TRUE,0.0107,Full-time,Terminated,10/31/2023,12/31/2023,Hispanic,Single,Associate,Monthly,FALSE,FALSE,CC1001,1,Exempt,FALSE,Not in plan,FALSE,1,8/31/2024,0,
577,Jamie,Davis,Female,he/him,29,10/31/1994,HR,Corporate,1,Analyst,"Austin, TX",,80859,FALSE,0,FALSE,0,Contractor,Active,10/31/2023,,White,Married,Bachelor,Monthly,FALSE,FALSE,CC1015,1,Non-exempt,FALSE,Not in plan,FALSE,1,1/31/2024,0,
578,Jordan,Miller,Female,she/her,25,10/31/1998,Engineering,Tech,4,VP,"Seattle, WA",,111563,FALSE,0,FALSE,0,Full-time,Terminated,10/31/2023,12/31/2023,White,Married,Bachelor,Monthly,FALSE,FALSE,CC1005,0.8,Exempt,FALSE,Not in plan,FALSE,1,6/30/2024,0,
579,Cameron,Williams,Male,he/him,31,10/31/1992,Sales,Commercial,2,Director,"New York, NY",,103122,FALSE,0,TRUE,0.0756,Full-time,Active,10/31/2023,,White,Married,Master,Monthly,FALSE,FALSE,CC1010,1,Exempt,FALSE,Not in plan,FALSE,0,,0,
580,Cameron,Davis,Female,she/her,53,10/31/1970,Engineering,Tech,2,Director,"Seattle, WA",,105342,TRUE,0.058,TRUE,0.0326,Full-time,Terminated,10/31/2023,11/30/2024,White,Married,Associate,Monthly,FALSE,FALSE,CC1002,1,Exempt,FALSE,Not in plan,FALSE,3,2/29/2024,0,
581,Cameron,Smith,Female,she/her,39,10/31/1984,HR,Corporate,1,VP,"San Francisco, CA",,76886,FALSE,0,TRUE,0.0893,Full-time,Active,10/31/2023,,White,Married,Bachelor,Monthly,FALSE,FALSE,CC1002,0.8,Non-exempt,FALSE,Not in plan,FALSE,0,,0,
582,Robin,Williams,Female,he/him,36,11/30/1987,Customer Success,Commercial,2,VP,"Austin, TX",,62892,FALSE,0,TRUE,0.0508,Full-time,Active,11/30/2023,,White,Single,Bachelor,Monthly,FALSE,TRUE,CC1015,1,Exempt,FALSE,Not in plan,FALSE,0,,0,
583,Taylor,Davis,Male,he/him,36,11/30/1987,Engineering,Tech,2,Analyst,"New York, NY",,112516,FALSE,0,TRUE,0.017,Full-time,Active,11/30/2023,,Asian,Single,Bachelor,Monthly,FALSE,FALSE,CC1008,1,Exempt,FALSE,Not in plan,FALSE,1,3/30/2024,0,
584,Jordan,Brown,Female,he/him,22,11/30/2001,Engineering,Tech,2,Senior Director,"Seattle, WA",,132446,FALSE,0,TRUE,0.0942,Contractor,Active,11/30/2023,,White,Married,Associate,Monthly,FALSE,FALSE,CC1002,1,Exempt,FALSE,Not in plan,FALSE,0,,0,
585,Jamie,Brown,Female,he/him,33,11/30/1990,Marketing,Commercial,1,Director,Remote,,73827,FALSE,0,FALSE,0,Full-time,Active,11/30/2023,,White,Married,High School,Monthly,FALSE,FALSE,CC1016,1,Non-exempt,FALSE,Not in plan,FALSE,2,1/30/2024,0,
586,Cameron,Williams,Female,he/him,39,11/30/1984,Customer Success,Commercial,5,Analyst,Remote,,65996,TRUE,0.153,TRUE,0.0132,Full-time,Active,11/30/2023,,Asian,Single,Bachelor,Monthly,FALSE,FALSE,CC1018,1,Exempt,FALSE,Not in plan,FALSE,1,5/30/2024,0,
587,Cameron,Johnson,Male,he/him,29,11/30/1994,Product,Tech,1,Manager,"San Francisco, CA",,125093,TRUE,0.162,TRUE,0.0956,Full-time,Active,11/30/2023,,Asian,Single,Bachelor,Monthly,FALSE,FALSE,CC1012,1,Non-exempt,FALSE,Not in plan,FALSE,0,,0,
588,Jordan,Davis,Female,he/him,35,12/31/1988,Sales,Commercial,3,Analyst,"New York, NY",,77509,FALSE,0,FALSE,0,Full-time,Terminated,12/31/2023,6/30/2024,White,Married,Bachelor,Monthly,FALSE,FALSE,CC1003,1,Exempt,FALSE,Not in plan,FALSE,0,,0,
589,Robin,Brown,Female,he/him,51,12/31/1972,Product,Tech,1,Senior Manager,"New York, NY",,128835,FALSE,0,TRUE,0.0465,Contractor,Active,12/31/2023,,White,Divorced,Bachelor,Monthly,FALSE,TRUE,CC1018,1,Non-exempt,FALSE,Not in plan,FALSE,3,9/30/2024,0,
590,Riley,Jones,Female,he/him,29,12/31/1994,Engineering,Tech,3,Analyst,"New York, NY",,140090,TRUE,0.099,TRUE,0.0385,Full-time,Active,12/31/2023,,Other,Married,Bachelor,Monthly,FALSE,FALSE,CC1003,1,Exempt,FALSE,Not in plan,FALSE,1,9/30/2024,0,
591,Riley,Williams,Male,he/him,39,12/31/1984,Finance,Corporate,1,Senior Manager,"New York, NY",,79082,FALSE,0,FALSE,0,Full-time,Active,12/31/2023,,White,Married,Bachelor,Monthly,FALSE,FALSE,CC1008,1,Non-exempt,FALSE,Not in plan,FALSE,2,4/30/2024,0,
592,Casey,Jones,Female,he/him,33,12/31/1990,Engineering,Tech,1,Analyst,"San Francisco, CA",,123407,FALSE,0,TRUE,0.0491,Full-time,Terminated,12/31/2023,6/30/2024,Asian,Married,Bachelor,Monthly,FALSE,FALSE,CC1003,0.8,Non-exempt,TRUE,In plan,FALSE,2,4/30/2024,0,
593,Drew,Smith,Male,she/her,22,12/31/2001,Sales,Commercial,1,Analyst,Remote,,95338,TRUE,0.155,TRUE,0.0851,Full-time,Terminated,12/31/2023,3/31/2024,Black,Married,Associate,Monthly,FALSE,FALSE,CC1003,1,Non-exempt,FALSE,Not in plan,FALSE,1,3/31/2024,0,
594,Drew,Miller,Female,he/him,23,1/31/2001,Finance,Corporate,2,VP,Remote,,86404,TRUE,0.07,TRUE,0.0859,Full-time,Terminated,1/31/2024,3/31/2025,White,Married,High School,Monthly,FALSE,FALSE,CC1017,0.8,Exempt,FALSE,Not in plan,FALSE,1,4/30/2024,0,
595,Morgan,Johnson,Female,he/him,31,1/31/1993,Engineering,Tech,3,Manager,Remote,,128631,FALSE,0,TRUE,0.0129,Full-time,Active,1/31/2024,,White,Married,Bachelor,Monthly,FALSE,FALSE,CC1019,1,Exempt,FALSE,Not in plan,FALSE,1,8/31/2024,0,
596,Taylor,Smith,Female,she/her,25,1/31/1999,Sales,Commercial,3,Manager,"New York, NY",,96200,TRUE,0.162,TRUE,0.0895,Full-time,Active,1/31/2024,,White,Married,Bachelor,Monthly,FALSE,FALSE,CC1017,1,Exempt,FALSE,Not in plan,FALSE,1,3/31/2024,0,
597,Cameron,Brown,Female,he/him,35,1/31/1989,Finance,Corporate,3,Analyst,"New York, NY",,85480,FALSE,0,TRUE,0.0961,Part-time,Active,1/31/2024,,White,Married,Bachelor,Monthly,FALSE,FALSE,CC1008,1,Exempt,FALSE,Not in plan,FALSE,0,,0,
598,Cameron,Wilson,Female,she/her,29,1/31/1995,Engineering,Tech,4,Senior Manager,"San Francisco, CA",,113024,FALSE,0,TRUE,0.0364,Full-time,Terminated,1/31/2024,7/31/2024,White,Married,Bachelor,Monthly,FALSE,FALSE,CC1019,1,Exempt,TRUE,In plan,FALSE,1,4/30/2024,0,
599,Casey,Miller,Female,she/her,36,1/31/1988,Engineering,Tech,2,Analyst,"San Francisco, CA",,105550,TRUE,0.077,TRUE,0.0584,Contractor,Active,1/31/2024,,White,Married,Bachelor,Monthly,FALSE,FALSE,CC1012,0.8,Exempt,FALSE,Not in plan,TRUE,0,,0,
600,Alex,Rodriguez,Male,she/her,31,1/31/1993,Finance,Corporate,1,VP,"Austin, TX",,92188,TRUE,0.094,TRUE,0.0905,Full-time,Active,1/31/2024,,White,Single,Associate,Monthly,FALSE,FALSE,CC1017,0.5,Non-exempt,FALSE,Not in plan,FALSE,0,,0,
601,Taylor,Smith,Male,she/her,35,1/31/1989,Marketing,Commercial,1,Senior Manager,"Seattle, WA",,94711,FALSE,0,TRUE,0.0287,Full-time,Active,1/31/2024,,White,Divorced,PhD,Monthly,FALSE,FALSE,CC1013,1,Non-exempt,FALSE,Not in plan,FALSE,2,3/31/2024,0,
602,Cameron,Wilson,Female,he/him,41,1/31/1983,Support,Tech,3,VP,"Seattle, WA",,61415,FALSE,0,TRUE,0.0545,Full-time,Active,1/31/2024,,White,Married,Associate,Monthly,FALSE,FALSE,CC1013,1,Exempt,FALSE,Not in plan,FALSE,1,3/31/2024,0,
603,Cameron,Smith,Male,she/her,33,1/31/1991,Sales,Commercial,4,Analyst,"New York, NY",,84181,TRUE,0.067,TRUE,0.0287,Full-time,Terminated,1/31/2024,11/30/2024,Hispanic,Single,Bachelor,Monthly,FALSE,FALSE,CC1012,1,Exempt,FALSE,Not in plan,FALSE,0,,0,
604,Jordan,Johnson,Male,she/her,34,1/31/1990,Customer Success,Commercial,1,Director,"Seattle, WA",,65822,FALSE,0,TRUE,0.0762,Full-time,Active,1/31/2024,,Asian,Married,Bachelor,Monthly,FALSE,FALSE,CC1009,1,Non-exempt,FALSE,Not in plan,FALSE,3,12/31/2024,0,
605,Drew,Williams,Female,he/him,25,1/31/1999,Operations,Corporate,2,Senior Director,Remote,,52989,FALSE,0,TRUE,0.0249,Full-time,Active,1/31/2024,,White,Single,Bachelor,Monthly,FALSE,FALSE,CC1016,0.5,Exempt,FALSE,Not in plan,FALSE,0,,0,
606,Robin,Williams,Male,she/her,31,1/31/1993,Engineering,Tech,1,VP,Remote,,125703,TRUE,0.106,TRUE,0.0199,Full-time,Active,1/31/2024,,Asian,Married,Master,Monthly,FALSE,TRUE,CC1009,1,Non-exempt,FALSE,Not in plan,FALSE,1,10/31/2024,0,
607,Jordan,Wilson,Male,she/her,39,2/28/1985,Customer Success,Commercial,4,Analyst,"Seattle, WA",,75450,FALSE,0,TRUE,0.0342,Full-time,Active,2/29/2024,,Black,Married,Bachelor,Monthly,FALSE,FALSE,CC1008,1,Exempt,FALSE,Not in plan,FALSE,3,8/29/2024,0,
608,Taylor,Miller,Female,she/her,43,2/28/1981,Sales,Commercial,1,Analyst,Remote,,83021,TRUE,0.179,TRUE,0.078,Full-time,Active,2/29/2024,,Hispanic,Married,Bachelor,Monthly,FALSE,FALSE,CC1009,1,Non-exempt,FALSE,Not in plan,FALSE,1,12/29/2024,0,
609,Casey,Garcia,Female,she/her,35,2/28/1989,Sales,Commercial,1,Analyst,"Austin, TX",,88008,FALSE,0,TRUE,0.0446,Contractor,Active,2/29/2024,,White,Married,Bachelor,Monthly,FALSE,TRUE,CC1016,1,Non-exempt,FALSE,Not in plan,FALSE,0,,0,
610,Jamie,Jones,Female,he/him,28,2/29/1996,Engineering,Tech,3,VP,"Seattle, WA",,117020,FALSE,0,TRUE,0.013,Contractor,Active,2/29/2024,,Hispanic,Married,Bachelor,Monthly,FALSE,FALSE,CC1008,1,Exempt,FALSE,Not in plan,FALSE,2,6/29/2024,0,
611,Drew,Rodriguez,Male,he/him,40,2/29/1984,Engineering,Tech,1,Director,"Seattle, WA",,116302,FALSE,0,TRUE,0.073,Full-time,Active,2/29/2024,,White,Divorced,Bachelor,Monthly,FALSE,FALSE,CC1017,1,Non-exempt,FALSE,Not in plan,FALSE,2,3/29/2024,0,
612,Drew,Williams,Male,he/him,40,2/29/1984,Engineering,Tech,3,Senior Manager,"New York, NY",,124548,FALSE,0,TRUE,0.0166,Full-time,Active,2/29/2024,,Black,Married,Associate,Monthly,FALSE,FALSE,CC1016,1,Exempt,FALSE,Not in plan,FALSE,2,10/29/2024,0,
613,Jamie,Rodriguez,Female,she/her,30,2/28/1994,Sales,Commercial,1,Senior Analyst,"Austin, TX",,93806,TRUE,0.11,TRUE,0.0204,Full-time,Active,2/29/2024,,Other,Single,Master,Monthly,FALSE,FALSE,CC1007,1,Non-exempt,FALSE,Not in plan,FALSE,3,8/29/2024,0,
614,Riley,Wilson,Male,he/him,26,2/28/1998,Finance,Corporate,3,Manager,"Austin, TX",,96545,FALSE,0,TRUE,0.0775,Full-time,Active,2/29/2024,,White,Single,Bachelor,Monthly,FALSE,TRUE,CC1013,1,Exempt,FALSE,Not in plan,FALSE,1,10/29/2024,0,
615,Robin,Wilson,Male,he/him,29,2/28/1995,Engineering,Tech,4,Senior Analyst,"New York, NY",,112891,TRUE,0.194,TRUE,0.0126,Full-time,Active,2/29/2024,,White,Single,High School,Monthly,FALSE,FALSE,CC1003,0.8,Exempt,FALSE,Not in plan,FALSE,0,,0,
616,Riley,Jones,Male,they/them,33,2/28/1991,Marketing,Commercial,1,Analyst,"Austin, TX",,79468,TRUE,0.106,TRUE,0.0327,Part-time,Active,2/29/2024,,Asian,Single,Bachelor,Monthly,FALSE,FALSE,CC1005,1,Non-exempt,TRUE,In plan,FALSE,1,7/29/2024,0,
617,Taylor,Johnson,Male,he/him,35,3/31/1989,Sales,Commercial,1,Director,"Seattle, WA",,93895,TRUE,0.132,TRUE,0.0443,Full-time,Active,3/31/2024,,White,Single,Master,Monthly,FALSE,FALSE,CC1004,1,Non-exempt,FALSE,Not in plan,FALSE,2,10/31/2024,0,
618,Alex,Smith,Female,she/her,26,3/31/1998,Customer Success,Commercial,2,Manager,"San Francisco, CA",,65035,FALSE,0,FALSE,0,Contractor,Terminated,3/31/2024,4/30/2024,Hispanic,Married,Bachelor,Monthly,FALSE,FALSE,CC1003,1,Exempt,TRUE,In plan,FALSE,0,,0,
619,Morgan,Johnson,Male,she/her,40,3/31/1984,Finance,Corporate,2,VP,Remote,,81413,FALSE,0,TRUE,0.0989,Full-time,Active,3/31/2024,,Other,Divorced,Bachelor,Monthly,FALSE,FALSE,CC1005,0.8,Exempt,FALSE,Not in plan,FALSE,1,8/31/2024,0,
620,Cameron,Miller,Non-binary,he/him,41,3/31/1983,Customer Success,Commercial,3,Senior Manager,Remote,,68604,FALSE,0,TRUE,0.0199,Part-time,Active,3/31/2024,,Hispanic,Married,Bachelor,Monthly,FALSE,FALSE,CC1010,1,Exempt,FALSE,Not in plan,FALSE,1,4/30/2024,0,
621,Cameron,Smith,Female,he/him,41,3/31/1983,Sales,Commercial,3,Senior Analyst,"New York, NY",,85709,TRUE,0.153,TRUE,0.0283,Full-time,Active,3/31/2024,,Hispanic,Single,Bachelor,Monthly,FALSE,FALSE,CC1011,1,Exempt,FALSE,Not in plan,FALSE,2,1/31/2025,0,
622,Morgan,Smith,Non-binary,he/him,33,3/31/1991,Customer Success,Commercial,2,Senior Manager,"New York, NY",,61879,FALSE,0,TRUE,0.0454,Part-time,Active,3/31/2024,,Other,Married,Bachelor,Monthly,FALSE,FALSE,CC1011,1,Exempt,FALSE,Not in plan,FALSE,0,,0,
623,Morgan,Garcia,Female,she/her,40,3/31/1984,Finance,Corporate,1,Senior Manager,Remote,,94023,FALSE,0,FALSE,0,Full-time,Active,3/31/2024,,Black,Single,Master,Monthly,FALSE,FALSE,CC1019,1,Non-exempt,FALSE,Not in plan,FALSE,1,5/31/2024,0,
624,Jamie,Wilson,Female,he/him,33,3/31/1991,Engineering,Tech,2,VP,"Seattle, WA",,125247,FALSE,0,TRUE,0.0507,Full-time,Active,3/31/2024,,White,Divorced,Bachelor,Monthly,FALSE,FALSE,CC1008,1,Exempt,FALSE,Not in plan,FALSE,0,,0,
625,Riley,Johnson,Female,she/her,31,3/31/1993,Engineering,Tech,2,Senior Analyst,"San Francisco, CA",,107067,FALSE,0,TRUE,0.0648,Full-time,Active,3/31/2024,,Asian,Married,Bachelor,Monthly,FALSE,FALSE,CC1007,1,Exempt,FALSE,Not in plan,FALSE,0,,0,
626,Robin,Miller,Female,she/her,32,3/31/1992,Engineering,Tech,3,Senior Manager,"San Francisco, CA",,104154,FALSE,0,TRUE,0.0919,Full-time,Active,3/31/2024,,White,Married,High School,Monthly,FALSE,FALSE,CC1003,0.5,Exempt,FALSE,Not in plan,FALSE,0,,0,
627,Jamie,Johnson,Male,they/them,32,4/30/1992,HR,Corporate,1,Director,"Austin, TX",,77391,FALSE,0,FALSE,0,Full-time,Active,4/30/2024,,Hispanic,Married,Associate,Monthly,FALSE,FALSE,CC1004,0.8,Non-exempt,FALSE,Not in plan,FALSE,1,5/30/2024,0,
628,Jordan,Wilson,Female,he/him,31,4/30/1993,Engineering,Tech,3,VP,Remote,,123727,TRUE,0.075,TRUE,0.0675,Part-time,Active,4/30/2024,,Other,Married,Associate,Monthly,FALSE,FALSE,CC1019,1,Exempt,FALSE,Not in plan,FALSE,1,9/30/2024,0,
629,Drew,Smith,Male,he/him,30,4/30/1994,Customer Success,Commercial,4,Analyst,"Seattle, WA",,81969,FALSE,0,TRUE,0.0608,Full-time,Active,4/30/2024,,White,Married,Bachelor,Monthly,FALSE,FALSE,CC1005,0.8,Exempt,TRUE,In plan,FALSE,2,7/30/2024,0,
630,Morgan,Davis,Male,he/him,31,4/30/1993,Engineering,Tech,1,Senior Analyst,"Seattle, WA",,121233,FALSE,0,TRUE,0.0913,Full-time,Active,4/30/2024,,Black,Married,Bachelor,Monthly,FALSE,FALSE,CC1019,1,Non-exempt,FALSE,Not in plan,FALSE,0,,0,
631,Drew,Davis,Male,he/him,39,4/30/1985,Engineering,Tech,1,Senior Director,"Seattle, WA",,122676,FALSE,0,TRUE,0.0546,Full-time,Active,4/30/2024,,Other,Married,Bachelor,Monthly,FALSE,FALSE,CC1005,1,Non-exempt,TRUE,In plan,FALSE,1,1/30/2025,0,
632,Drew,Smith,Female,he/him,22,4/30/2002,Product,Tech,3,Senior Director,"San Francisco, CA",,119020,FALSE,0,TRUE,0.0383,Contractor,Active,4/30/2024,,White,Married,Bachelor,Monthly,TRUE,FALSE,CC1016,0.8,Exempt,TRUE,In plan,FALSE,2,11/30/2024,0,
633,Drew,Johnson,Male,she/her,43,4/30/1981,Support,Tech,1,Manager,"New York, NY",,60232,FALSE,0,TRUE,0.0629,Full-time,Active,4/30/2024,,Asian,Married,Associate,Monthly,FALSE,FALSE,CC1008,1,Non-exempt,FALSE,Not in plan,FALSE,1,3/30/2025,0,
634,Cameron,Wilson,Female,she/her,28,4/30/1996,Finance,Corporate,2,Senior Analyst,"New York, NY",,74246,FALSE,0,TRUE,0.0472,Full-time,Terminated,4/30/2024,5/30/2024,White,Divorced,High School,Monthly,FALSE,FALSE,CC1019,1,Exempt,FALSE,Not in plan,FALSE,2,10/30/2024,0,
635,Cameron,Smith,Female,he/him,43,4/30/1981,Customer Success,Commercial,2,Director,"Seattle, WA",,76721,FALSE,0,TRUE,0.0465,Full-time,Active,4/30/2024,,White,Married,Bachelor,Monthly,TRUE,FALSE,CC1013,1,Exempt,FALSE,Not in plan,FALSE,1,6/30/2024,0,
636,Robin,Garcia,Female,she/her,36,4/30/1988,Engineering,Tech,1,VP,"New York, NY",,122187,TRUE,0.154,TRUE,0.0944,Full-time,Active,4/30/2024,,White,Divorced,Bachelor,Monthly,FALSE,FALSE,CC1014,1,Non-exempt,FALSE,Not in plan,FALSE,2,7/30/2024,0,
637,Taylor,Jones,Female,he/him,26,4/30/1998,Engineering,Tech,2,Senior Manager,"Austin, TX",,128715,FALSE,0,TRUE,0.046,Full-time,Active,4/30/2024,,White,Single,High School,Monthly,FALSE,FALSE,CC1018,1,Exempt,FALSE,Not in plan,FALSE,1,8/30/2024,0,
638,Jordan,Brown,Female,he/him,35,5/31/1989,Operations,Corporate,1,Analyst,"San Francisco, CA",,65230,FALSE,0,TRUE,0.021,Full-time,Active,5/31/2024,,White,Single,Bachelor,Monthly,FALSE,FALSE,CC1012,0.5,Non-exempt,FALSE,Not in plan,FALSE,1,6/30/2024,0,
639,Riley,Brown,Female,she/her,34,5/31/1990,Marketing,Commercial,4,Senior Director,"Austin, TX",,88494,TRUE,0.056,TRUE,0.0347,Full-time,Active,5/31/2024,,Other,Married,Bachelor,Monthly,FALSE,FALSE,CC1003,1,Exempt,FALSE,Not in plan,FALSE,1,12/31/2024,0,
640,Jamie,Johnson,Female,she/her,33,5/31/1991,Customer Success,Commercial,2,Senior Director,"New York, NY",,66930,FALSE,0,FALSE,0,Full-time,Active,5/31/2024,,Asian,Married,Associate,Monthly,FALSE,FALSE,CC1006,0.5,Exempt,FALSE,Not in plan,FALSE,2,8/31/2024,0,
641,Drew,Miller,Male,she/her,30,5/31/1994,Engineering,Tech,1,Director,Remote,,113188,TRUE,0.126,TRUE,0.0589,Full-time,Active,5/31/2024,,White,Single,Master,Monthly,FALSE,FALSE,CC1005,1,Non-exempt,FALSE,Not in plan,FALSE,2,8/31/2024,0,
642,Casey,Garcia,Male,she/her,42,5/31/1982,Sales,Commercial,3,Senior Director,Remote,,95734,TRUE,0.133,TRUE,0.0999,Full-time,Active,5/31/2024,,White,Single,Bachelor,Monthly,FALSE,TRUE,CC1005,1,Exempt,FALSE,Not in plan,FALSE,2,10/31/2024,0,
643,Jamie,Williams,Male,he/him,26,5/31/1998,Finance,Corporate,3,Senior Manager,"New York, NY",,87444,TRUE,0.141,TRUE,0.0186,Full-time,Active,5/31/2024,,White,Married,Associate,Monthly,FALSE,FALSE,CC1009,1,Exempt,FALSE,Not in plan,FALSE,0,,0,
644,Morgan,Smith,Male,he/him,38,5/31/1986,Product,Tech,2,Senior Analyst,"Seattle, WA",,108410,FALSE,0,TRUE,0.0127,Full-time,Active,5/31/2024,,White,Married,Bachelor,Monthly,FALSE,FALSE,CC1001,0.5,Exempt,FALSE,Not in plan,FALSE,1,6/30/2024,0,
645,Jamie,Miller,Female,she/her,36,5/31/1988,Finance,Corporate,5,VP,Remote,,81793,FALSE,0,TRUE,0.0367,Full-time,Active,5/31/2024,,White,Married,Bachelor,Monthly,FALSE,FALSE,CC1015,1,Exempt,FALSE,Not in plan,FALSE,0,,0,
646,Riley,Smith,Male,he/him,45,5/31/1979,Engineering,Tech,2,Senior Analyst,Remote,,84828,FALSE,0,TRUE,0.0533,Full-time,Active,5/31/2024,,Asian,Married,Master,Monthly,FALSE,FALSE,CC1006,1,Exempt,FALSE,Not in plan,FALSE,1,12/31/2024,0,
647,Drew,Jones,Female,he/him,34,5/31/1990,Sales,Commercial,2,Senior Manager,"New York, NY",,102881,TRUE,0.179,FALSE,0,Full-time,Active,5/31/2024,,White,Married,Bachelor,Monthly,FALSE,FALSE,CC1010,1,Exempt,TRUE,In plan,FALSE,1,2/28/2025,0,
648,Morgan,Miller,Male,he/him,33,5/31/1991,Engineering,Tech,1,Senior Analyst,Remote,,140242,FALSE,0,TRUE,0.0156,Contractor,Active,5/31/2024,,Hispanic,Married,Master,Monthly,FALSE,FALSE,CC1017,1,Non-exempt,FALSE,Not in plan,FALSE,0,,0,
649,Taylor,Rodriguez,Female,she/her,44,5/31/1980,Support,Tech,2,Senior Manager,"Austin, TX",,57087,FALSE,0,TRUE,0.0261,Full-time,Active,5/31/2024,,Black,Married,Bachelor,Monthly,FALSE,FALSE,CC1011,1,Exempt,TRUE,In plan,FALSE,1,12/31/2024,0,
650,Jordan,Rodriguez,Female,she/her,35,6/30/1989,Marketing,Commercial,2,Senior Manager,"Austin, TX",,75584,FALSE,0,TRUE,0.0164,Full-time,Active,6/30/2024,,White,Divorced,Bachelor,Monthly,FALSE,TRUE,CC1016,1,Exempt,FALSE,Not in plan,FALSE,1,2/28/2025,0,
651,Jordan,Garcia,Male,he/him,36,6/30/1988,Engineering,Tech,4,VP,"San Francisco, CA",,114898,FALSE,0,FALSE,0,Full-time,Active,6/30/2024,,Hispanic,Married,Bachelor,Monthly,FALSE,FALSE,CC1011,0.5,Exempt,TRUE,In plan,FALSE,0,,0,
652,Cameron,Garcia,Male,he/him,35,6/30/1989,Customer Success,Commercial,5,Analyst,"San Francisco, CA",,70480,FALSE,0,TRUE,0.0191,Full-time,Active,6/30/2024,,White,Widowed,Bachelor,Monthly,FALSE,FALSE,CC1006,1,Exempt,TRUE,In plan,FALSE,2,9/30/2024,0,
653,Casey,Rodriguez,Male,he/him,34,6/30/1990,Product,Tech,3,Manager,"Seattle, WA",,91464,TRUE,0.093,TRUE,0.0885,Contractor,Active,6/30/2024,,Asian,Married,Master,Monthly,FALSE,FALSE,CC1019,1,Exempt,TRUE,In plan,FALSE,2,2/28/2025,0,
654,Jordan,Johnson,Female,they/them,30,6/30/1994,Product,Tech,1,Senior Manager,"San Francisco, CA",,108071,FALSE,0,TRUE,0.0564,Full-time,Active,6/30/2024,,Hispanic,Married,Master,Monthly,FALSE,FALSE,CC1010,1,Non-exempt,FALSE,Not in plan,FALSE,2,9/30/2024,0,
655,Casey,Garcia,Female,she/her,27,6/30/1997,Engineering,Tech,1,Senior Manager,"New York, NY",,114046,TRUE,0.117,TRUE,0.0225,Contractor,Active,6/30/2024,,Asian,Divorced,Associate,Monthly,FALSE,FALSE,CC1014,0.5,Non-exempt,TRUE,In plan,FALSE,1,11/30/2024,0,
656,Jordan,Garcia,Female,he/him,33,6/30/1991,Finance,Corporate,1,Director,"Seattle, WA",,94932,FALSE,0,TRUE,0.0696,Full-time,Active,6/30/2024,,White,Married,Bachelor,Monthly,FALSE,FALSE,CC1002,0.8,Non-exempt,FALSE,Not in plan,FALSE,0,,0,
657,Robin,Davis,Male,he/him,31,6/30/1993,Engineering,Tech,1,Senior Director,Remote,,124430,FALSE,0,TRUE,0.0288,Full-time,Terminated,6/30/2024,9/30/2024,Black,Married,Associate,Monthly,FALSE,FALSE,CC1011,1,Non-exempt,FALSE,Not in plan,FALSE,0,,0,
658,Riley,Smith,Male,she/her,32,7/31/1992,Sales,Commercial,4,Senior Manager,Remote,,99699,TRUE,0.065,FALSE,0,Full-time,Terminated,7/31/2024,1/31/2025,White,Married,Bachelor,Monthly,FALSE,FALSE,CC1016,0.8,Exempt,FALSE,Not in plan,FALSE,0,,0,
659,Jordan,Jones,Female,she/her,35,7/31/1989,Sales,Commercial,1,Manager,"Seattle, WA",,71680,TRUE,0.086,TRUE,0.0746,Part-time,Active,7/31/2024,,White,Single,Bachelor,Monthly,FALSE,FALSE,CC1018,1,Non-exempt,TRUE,In plan,FALSE,0,,0,
660,Jordan,Rodriguez,Male,she/her,30,7/31/1994,Sales,Commercial,2,Director,Remote,,116365,FALSE,0,TRUE,0.0302,Full-time,Terminated,7/31/2024,8/31/2024,White,Single,Master,Monthly,FALSE,FALSE,CC1013,1,Exempt,TRUE,In plan,FALSE,0,,0,
661,Robin,Williams,Female,he/him,31,7/31/1993,Customer Success,Commercial,4,Senior Director,"Seattle, WA",,63026,TRUE,0.186,TRUE,0.0802,Full-time,Active,7/31/2024,,Black,Married,PhD,Monthly,FALSE,FALSE,CC1018,1,Exempt,FALSE,Not in plan,FALSE,1,5/31/2025,0,
662,Jordan,Smith,Male,he/him,27,7/31/1997,Finance,Corporate,2,Manager,"San Francisco, CA",,77727,TRUE,0.103,TRUE,0.0545,Full-time,Active,7/31/2024,,White,Married,Bachelor,Monthly,FALSE,FALSE,CC1002,1,Exempt,FALSE,Not in plan,FALSE,1,1/31/2025,0,
663,Jordan,Williams,Male,he/him,42,7/31/1982,Customer Success,Commercial,1,Senior Director,"New York, NY",,67390,FALSE,0,FALSE,0,Full-time,Terminated,7/31/2024,12/31/2024,Hispanic,Single,Associate,Monthly,FALSE,FALSE,CC1005,1,Non-exempt,FALSE,Not in plan,FALSE,2,1/31/2025,0,
664,Riley,Miller,Female,he/him,44,7/31/1980,Sales,Commercial,1,Manager,"Seattle, WA",,82561,TRUE,0.094,TRUE,0.0671,Full-time,Active,7/31/2024,,White,Married,PhD,Monthly,FALSE,FALSE,CC1018,0.8,Non-exempt,FALSE,Not in plan,FALSE,2,9/30/2024,0,
665,Taylor,Williams,Male,she/her,29,7/31/1995,Sales,Commercial,1,Manager,"New York, NY",,109215,TRUE,0.09,TRUE,0.0527,Full-time,Active,7/31/2024,,Hispanic,Single,Bachelor,Monthly,FALSE,FALSE,CC1013,1,Non-exempt,TRUE,In plan,FALSE,2,10/31/2024,0,
666,Riley,Davis,Male,she/her,33,7/31/1991,Engineering,Tech,1,Analyst,"Seattle, WA",,132375,TRUE,0.154,TRUE,0.0219,Part-time,Active,7/31/2024,,White,Single,High School,Monthly,FALSE,FALSE,CC1001,1,Non-exempt,FALSE,Not in plan,FALSE,3,3/31/2025,0,
667,Alex,Smith,Female,she/her,30,7/31/1994,Customer Success,Commercial,4,Analyst,"New York, NY",,60514,TRUE,0.081,TRUE,0.0766,Full-time,Active,7/31/2024,,White,Married,Master,Monthly,FALSE,FALSE,CC1005,1,Exempt,FALSE,Not in plan,FALSE,1,3/31/2025,0,
668,Drew,Johnson,Female,she/her,49,7/31/1975,HR,Corporate,3,Manager,"New York, NY",,74901,FALSE,0,TRUE,0.0482,Full-time,Active,7/31/2024,,White,Married,Bachelor,Monthly,FALSE,FALSE,CC1014,0.5,Exempt,FALSE,Not in plan,FALSE,1,2/28/2025,0,
669,Casey,Brown,Female,she/her,39,7/31/1985,Marketing,Commercial,2,Senior Analyst,"New York, NY",,72473,FALSE,0,TRUE,0.0602,Full-time,Active,7/31/2024,,Hispanic,Married,Associate,Monthly,FALSE,FALSE,CC1014,0.8,Exempt,FALSE,Not in plan,FALSE,0,,0,
670,Riley,Wilson,Male,he/him,46,7/31/1978,Customer Success,Commercial,2,Senior Manager,"Austin, TX",,80824,FALSE,0,TRUE,0.0232,Full-time,Terminated,7/31/2024,1/31/2025,Hispanic,Single,Bachelor,Monthly,FALSE,FALSE,CC1013,0.8,Exempt,FALSE,Not in plan,FALSE,1,5/31/2025,0,
671,Casey,Davis,Male,she/her,40,7/31/1984,Customer Success,Commercial,1,Senior Manager,"Austin, TX",,77631,FALSE,0,TRUE,0.0611,Full-time,Active,7/31/2024,,White,Single,Bachelor,Monthly,FALSE,FALSE,CC1012,1,Non-exempt,FALSE,Not in plan,FALSE,2,12/31/2024,0,
672,Alex,Williams,Non-binary,she/her,29,8/31/1995,Sales,Commercial,1,VP,Remote,,84442,TRUE,0.101,TRUE,0.0182,Full-time,Active,8/31/2024,,Hispanic,Single,Associate,Monthly,FALSE,FALSE,CC1016,1,Non-exempt,FALSE,Not in plan,FALSE,1,7/31/2025,0,
673,Jordan,Jones,Female,he/him,25,8/31/1999,Sales,Commercial,1,Senior Manager,Remote,,89604,FALSE,0,TRUE,0.0159,Full-time,Active,8/31/2024,,White,Married,Bachelor,Monthly,FALSE,FALSE,CC1015,1,Non-exempt,FALSE,Not in plan,FALSE,0,,0,
674,Robin,Miller,Male,he/him,27,8/31/1997,Engineering,Tech,3,Analyst,"New York, NY",,124423,FALSE,0,TRUE,0.0736,Full-time,Active,8/31/2024,,White,Married,Bachelor,Monthly,FALSE,FALSE,CC1019,0.8,Exempt,FALSE,Not in plan,FALSE,2,4/30/2025,0,
675,Jordan,Rodriguez,Female,he/him,38,8/31/1986,Marketing,Commercial,2,Director,"San Francisco, CA",,88377,FALSE,0,TRUE,0.0816,Full-time,Active,8/31/2024,,White,Single,PhD,Monthly,FALSE,FALSE,CC1018,1,Exempt,FALSE,Not in plan,FALSE,1,7/31/2025,0,
676,Morgan,Miller,Male,they/them,32,8/31/1992,Sales,Commercial,3,Manager,"New York, NY",,88872,TRUE,0.104,FALSE,0,Full-time,Active,8/31/2024,,Hispanic,Married,Master,Monthly,FALSE,FALSE,CC1000,0.5,Exempt,FALSE,Not in plan,FALSE,1,2/28/2025,0,
677,Casey,Johnson,Male,she/her,22,8/31/2002,Finance,Corporate,2,Senior Director,Remote,,102597,FALSE,0,FALSE,0,Full-time,Active,8/31/2024,,Black,Married,Bachelor,Monthly,FALSE,FALSE,CC1015,0.8,Exempt,FALSE,Not in plan,FALSE,0,,0,
678,Morgan,Brown,Female,she/her,36,8/31/1988,Support,Tech,2,Senior Manager,"Seattle, WA",,75888,TRUE,0.1,TRUE,0.0813,Full-time,Active,8/31/2024,,White,Divorced,Master,Monthly,FALSE,FALSE,CC1016,1,Exempt,FALSE,Not in plan,FALSE,1,11/30/2024,0,
679,Robin,Rodriguez,Male,she/her,35,8/31/1989,Engineering,Tech,2,Senior Manager,"Seattle, WA",,107630,FALSE,0,FALSE,0,Full-time,Active,8/31/2024,,Asian,Single,Bachelor,Monthly,FALSE,FALSE,CC1019,0.8,Exempt,TRUE,In plan,FALSE,1,5/31/2025,0,
680,Drew,Jones,Female,she/her,38,8/31/1986,Product,Tech,1,Analyst,"San Francisco, CA",,113112,FALSE,0,TRUE,0.0125,Full-time,Terminated,8/31/2024,8/31/2024,Hispanic,Married,Bachelor,Monthly,FALSE,FALSE,CC1014,1,Non-exempt,FALSE,Not in plan,FALSE,1,2/28/2025,0,
681,Alex,Rodriguez,Female,she/her,41,8/31/1983,Engineering,Tech,1,Director,Remote,,123792,FALSE,0,TRUE,0.0692,Full-time,Active,8/31/2024,,White,Single,Bachelor,Monthly,TRUE,FALSE,CC1011,1,Non-exempt,FALSE,Not in plan,FALSE,1,6/30/2025,0,
682,Alex,Williams,Female,he/him,37,8/31/1987,Product,Tech,1,Senior Director,Remote,,95325,FALSE,0,TRUE,0.0521,Full-time,Terminated,8/31/2024,12/31/2024,White,Married,Master,Monthly,FALSE,FALSE,CC1008,1,Non-exempt,FALSE,Not in plan,FALSE,0,,0,
683,Drew,Wilson,Female,she/her,35,8/31/1989,Sales,Commercial,1,Senior Analyst,"San Francisco, CA",,73884,TRUE,0.182,TRUE,0.0155,Full-time,Active,8/31/2024,,Black,Married,Associate,Monthly,FALSE,FALSE,CC1013,1,Non-exempt,FALSE,Not in plan,TRUE,0,,0,
684,Taylor,Garcia,Male,she/her,35,8/31/1989,Marketing,Commercial,3,Manager,"Austin, TX",,78109,FALSE,0,TRUE,0.074,Full-time,Active,8/31/2024,,Hispanic,Married,Bachelor,Monthly,FALSE,FALSE,CC1005,1,Exempt,FALSE,Not in plan,FALSE,0,,0,
685,Casey,Brown,Male,she/her,40,9/30/1984,Sales,Commercial,1,Director,Remote,,96626,FALSE,0,TRUE,0.0999,Contractor,Active,9/30/2024,,White,Married,Bachelor,Monthly,FALSE,FALSE,CC1005,0.8,Non-exempt,FALSE,Not in plan,FALSE,1,10/30/2024,0,
686,Riley,Johnson,Male,she/her,34,9/30/1990,Sales,Commercial,1,Manager,"Seattle, WA",,99970,FALSE,0,TRUE,0.0186,Full-time,Terminated,9/30/2024,1/30/2025,White,Married,Associate,Monthly,FALSE,FALSE,CC1005,1,Non-exempt,FALSE,Not in plan,FALSE,1,12/30/2024,0,
687,Drew,Rodriguez,Female,he/him,30,9/30/1994,Sales,Commercial,1,Senior Director,"Seattle, WA",,107273,TRUE,0.079,TRUE,0.0913,Contractor,Active,9/30/2024,,White,Married,Bachelor,Monthly,FALSE,FALSE,CC1004,1,Non-exempt,FALSE,Not in plan,FALSE,0,,0,
688,Robin,Miller,Female,he/him,39,9/30/1985,Product,Tech,3,Senior Manager,"Seattle, WA",,119462,FALSE,0,FALSE,0,Full-time,Active,9/30/2024,,White,Single,Associate,Monthly,FALSE,FALSE,CC1019,0.5,Exempt,FALSE,Not in plan,FALSE,0,,0,
689,Jordan,Jones,Female,he/him,22,9/30/2002,Engineering,Tech,1,Senior Director,"Seattle, WA",,141108,FALSE,0,TRUE,0.03,Full-time,Terminated,9/30/2024,2/28/2025,White,Single,PhD,Monthly,FALSE,FALSE,CC1002,1,Non-exempt,FALSE,Not in plan,FALSE,3,11/30/2024,0,
690,Drew,Smith,Male,he/him,26,9/30/1998,Sales,Commercial,3,Analyst,"San Francisco, CA",,98943,TRUE,0.141,TRUE,0.0524,Full-time,Active,9/30/2024,,White,Single,Master,Monthly,FALSE,FALSE,CC1017,1,Exempt,FALSE,Not in plan,FALSE,2,5/30/2025,0,
691,Jamie,Garcia,Male,she/her,24,9/30/2000,Finance,Corporate,1,Director,"Austin, TX",,82277,FALSE,0,TRUE,0.0997,Part-time,Active,9/30/2024,,Hispanic,Single,Bachelor,Monthly,FALSE,FALSE,CC1015,0.8,Non-exempt,FALSE,Not in plan,FALSE,1,5/30/2025,0,
692,Robin,Miller,Female,she/her,30,9/30/1994,Engineering,Tech,3,Senior Manager,Remote,,109997,FALSE,0,TRUE,0.0467,Full-time,Active,9/30/2024,,Asian,Married,Associate,Monthly,TRUE,FALSE,CC1009,1,Exempt,TRUE,In plan,FALSE,4,7/30/2025,0,
693,Riley,Wilson,Male,he/him,24,9/30/2000,Marketing,Commercial,4,VP,"Seattle, WA",,85428,TRUE,0.181,TRUE,0.0447,Full-time,Active,9/30/2024,,Asian,Divorced,High School,Monthly,FALSE,FALSE,CC1000,1,Exempt,FALSE,Not in plan,TRUE,2,5/30/2025,0,
694,Robin,Johnson,Female,he/him,34,9/30/1990,HR,Corporate,1,VP,"New York, NY",,80066,FALSE,0,TRUE,0.054,Full-time,Active,9/30/2024,,White,Single,Bachelor,Monthly,FALSE,FALSE,CC1015,1,Non-exempt,FALSE,Not in plan,FALSE,2,2/28/2025,0,
695,Riley,Brown,Male,he/him,44,9/30/1980,Sales,Commercial,1,Senior Manager,"Seattle, WA",,73106,FALSE,0,TRUE,0.0613,Full-time,Active,9/30/2024,,Asian,Divorced,Associate,Monthly,FALSE,TRUE,CC1014,1,Non-exempt,FALSE,Not in plan,FALSE,2,7/30/2025,0,
696,Morgan,Wilson,Male,she/her,34,9/30/1990,Marketing,Commercial,1,Analyst,"San Francisco, CA",,78498,FALSE,0,TRUE,0.0516,Full-time,Terminated,9/30/2024,10/30/2024,White,Single,Bachelor,Monthly,FALSE,FALSE,CC1010,1,Non-exempt,TRUE,In plan,FALSE,1,8/30/2025,0,
697,Jamie,Davis,Female,she/her,40,10/31/1984,Finance,Corporate,2,Director,"Austin, TX",,89685,FALSE,0,TRUE,0.0971,Full-time,Active,10/31/2024,,Hispanic,Single,Bachelor,Monthly,FALSE,FALSE,CC1015,1,Exempt,FALSE,Not in plan,FALSE,1,7/31/2025,0,
698,Cameron,Johnson,Male,he/him,46,10/31/1978,Finance,Corporate,2,Analyst,"Austin, TX",,91797,FALSE,0,TRUE,0.0535,Part-time,Active,10/31/2024,,White,Married,Bachelor,Monthly,FALSE,FALSE,CC1018,1,Exempt,FALSE,Not in plan,FALSE,1,2/28/2025,0,
699,Riley,Davis,Male,she/her,37,10/31/1987,Engineering,Tech,2,Senior Director,"New York, NY",,130321,FALSE,0,TRUE,0.0224,Full-time,Terminated,10/31/2024,10/31/2024,Black,Single,Master,Monthly,FALSE,FALSE,CC1015,1,Exempt,FALSE,Not in plan,FALSE,1,1/31/2025,0,
700,Robin,Williams,Male,he/him,22,10/31/2002,Sales,Commercial,2,Analyst,Remote,,87352,FALSE,0,TRUE,0.0449,Full-time,Active,10/31/2024,,Asian,Single,PhD,Monthly,FALSE,FALSE,CC1012,0.5,Exempt,FALSE,Not in plan,FALSE,1,1/31/2025,0,
701,Robin,Garcia,Female,he/him,33,10/31/1991,Finance,Corporate,1,Analyst,"Austin, TX",,81186,TRUE,0.126,TRUE,0.0142,Full-time,Active,10/31/2024,,Black,Single,Bachelor,Monthly,FALSE,FALSE,CC1008,1,Non-exempt,FALSE,Not in plan,FALSE,0,,0,
702,Jamie,Miller,Male,she/her,37,10/31/1987,Product,Tech,2,Analyst,"Austin, TX",,96415,FALSE,0,TRUE,0.043,Full-time,Active,10/31/2024,,White,Married,Bachelor,Monthly,FALSE,FALSE,CC1007,1,Exempt,FALSE,Not in plan,FALSE,1,6/30/2025,0,
703,Jordan,Williams,Male,he/him,32,10/31/1992,Engineering,Tech,4,Analyst,"Seattle, WA",,126884,TRUE,0.097,TRUE,0.0704,Full-time,Active,10/31/2024,,White,Married,Bachelor,Monthly,FALSE,FALSE,CC1003,1,Exempt,FALSE,Not in plan,FALSE,0,,0,
704,Casey,Miller,Male,she/her,32,10/31/1992,Sales,Commercial,2,Senior Director,"Seattle, WA",,93828,FALSE,0,TRUE,0.0462,Contractor,Active,10/31/2024,,White,Married,Bachelor,Monthly,FALSE,FALSE,CC1004,1,Exempt,FALSE,Not in plan,FALSE,0,,0,
705,Cameron,Rodriguez,Male,he/him,33,10/31/1991,HR,Corporate,1,Analyst,"New York, NY",,67583,FALSE,0,TRUE,0.0595,Full-time,Active,10/31/2024,,Black,Single,Associate,Monthly,FALSE,FALSE,CC1012,1,Non-exempt,FALSE,Not in plan,TRUE,0,,0,
706,Alex,Williams,Female,she/her,32,10/31/1992,Marketing,Commercial,3,VP,"San Francisco, CA",,82276,FALSE,0,TRUE,0.0816,Contractor,Active,10/31/2024,,Hispanic,Married,Bachelor,Monthly,FALSE,TRUE,CC1011,1,Exempt,FALSE,Not in plan,FALSE,0,,0,
707,Jamie,Miller,Female,she/her,28,10/31/1996,Engineering,Tech,1,Manager,"San Francisco, CA",,134422,TRUE,0.151,TRUE,0.0848,Full-time,Active,10/31/2024,,Hispanic,Single,Master,Monthly,FALSE,FALSE,CC1000,1,Non-exempt,FALSE,Not in plan,FALSE,0,,0,
708,Cameron,Brown,Female,she/her,31,10/31/1993,Marketing,Commercial,3,Manager,"Seattle, WA",,77393,FALSE,0,TRUE,0.0412,Full-time,Active,10/31/2024,,White,Divorced,Bachelor,Monthly,FALSE,FALSE,CC1005,1,Exempt,FALSE,Not in plan,FALSE,1,11/30/2024,0,
709,Morgan,Jones,Male,he/him,40,10/31/1984,Engineering,Tech,2,VP,"San Francisco, CA",,120279,FALSE,0,TRUE,0.0269,Full-time,Active,10/31/2024,,White,Married,Bachelor,Monthly,FALSE,FALSE,CC1003,1,Exempt,FALSE,Not in plan,FALSE,1,6/30/2025,0,
710,Alex,Brown,Female,she/her,41,10/31/1983,Sales,Commercial,1,Director,"New York, NY",,84416,TRUE,0.096,TRUE,0.0255,Full-time,Active,10/31/2024,,White,Married,Bachelor,Monthly,FALSE,FALSE,CC1016,0.5,Non-exempt,FALSE,Not in plan,FALSE,1,6/30/2025,0,
711,Robin,Garcia,Female,she/her,27,11/30/1997,Product,Tech,3,Director,"Austin, TX",,99926,FALSE,0,TRUE,0.0953,Full-time,Active,11/30/2024,,Asian,Married,Bachelor,Monthly,FALSE,FALSE,CC1012,1,Exempt,FALSE,Not in plan,FALSE,0,,0,
712,Drew,Rodriguez,Male,she/her,27,11/30/1997,Marketing,Commercial,1,Senior Manager,Remote,,82794,FALSE,0,TRUE,0.0684,Full-time,Active,11/30/2024,,Black,Divorced,Bachelor,Monthly,FALSE,FALSE,CC1003,1,Non-exempt,FALSE,Not in plan,FALSE,0,,0,
713,Morgan,Jones,Male,he/him,35,11/30/1989,Sales,Commercial,1,Senior Analyst,"Austin, TX",,81735,TRUE,0.148,TRUE,0.0157,Part-time,Active,11/30/2024,,White,Married,Bachelor,Monthly,FALSE,FALSE,CC1019,1,Non-exempt,TRUE,In plan,FALSE,1,12/30/2024,0,
714,Morgan,Miller,Male,he/him,39,11/30/1985,Finance,Corporate,3,Senior Manager,"New York, NY",,93462,FALSE,0,TRUE,0.0437,Full-time,Active,11/30/2024,,Hispanic,Divorced,Master,Monthly,TRUE,FALSE,CC1017,1,Exempt,FALSE,Not in plan,FALSE,2,7/30/2025,0,
715,Jamie,Rodriguez,Non-binary,he/him,28,11/30/1996,Sales,Commercial,2,Director,Remote,,93967,TRUE,0.054,TRUE,0.0817,Full-time,Active,11/30/2024,,Hispanic,Divorced,Bachelor,Monthly,FALSE,FALSE,CC1019,0.8,Exempt,FALSE,Not in plan,FALSE,1,1/30/2025,0,
716,Robin,Brown,Male,he/him,45,11/30/1979,Customer Success,Commercial,1,Analyst,"Austin, TX",,78761,FALSE,0,TRUE,0.0618,Full-time,Terminated,11/30/2024,12/30/2024,Other,Married,Bachelor,Monthly,FALSE,FALSE,CC1017,1,Non-exempt,FALSE,Not in plan,FALSE,3,5/30/2025,0,
717,Drew,Davis,Male,he/him,35,11/30/1989,Sales,Commercial,1,Director,"Seattle, WA",,90517,TRUE,0.144,TRUE,0.0593,Full-time,Active,11/30/2024,,Hispanic,Married,Bachelor,Monthly,FALSE,FALSE,CC1010,0.8,Non-exempt,FALSE,Not in plan,FALSE,1,8/30/2025,0,
718,Alex,Smith,Male,he/him,33,11/30/1991,Support,Tech,1,Senior Analyst,"Austin, TX",,66506,TRUE,0.056,FALSE,0,Full-time,Active,11/30/2024,,Asian,Divorced,Bachelor,Monthly,FALSE,FALSE,CC1007,1,Non-exempt,FALSE,Not in plan,FALSE,0,,0,
719,Cameron,Smith,Male,she/her,22,11/30/2002,Product,Tech,1,VP,"New York, NY",,94507,FALSE,0,TRUE,0.0416,Contractor,Active,11/30/2024,,White,Single,PhD,Monthly,FALSE,FALSE,CC1015,1,Non-exempt,FALSE,Not in plan,FALSE,0,,0,
720,Jamie,Brown,Female,she/her,25,11/30/1999,Sales,Commercial,1,Director,"San Francisco, CA",,90216,TRUE,0.125,TRUE,0.0667,Full-time,Active,11/30/2024,,White,Married,Bachelor,Monthly,FALSE,FALSE,CC1017,1,Non-exempt,FALSE,Not in plan,FALSE,0,,0,
721,Morgan,Williams,Male,he/him,38,11/30/1986,Support,Tech,1,Senior Manager,"Seattle, WA",,70343,FALSE,0,TRUE,0.0398,Full-time,Active,11/30/2024,,White,Single,Bachelor,Monthly,FALSE,TRUE,CC1014,1,Non-exempt,FALSE,Not in plan,FALSE,1,4/30/2025,0,
722,Morgan,Brown,Female,he/him,37,11/30/1987,Finance,Corporate,2,VP,"Austin, TX",,73671,TRUE,0.176,TRUE,0.0237,Full-time,Active,11/30/2024,,Hispanic,Married,Bachelor,Monthly,FALSE,FALSE,CC1018,1,Exempt,FALSE,Not in plan,FALSE,4,9/30/2025,0,
723,Jordan,Brown,Female,he/him,25,11/30/1999,Product,Tech,3,Senior Director,"Seattle, WA",,103356,FALSE,0,TRUE,0.049,Full-time,Active,11/30/2024,,Hispanic,Married,Bachelor,Monthly,FALSE,FALSE,CC1019,1,Exempt,TRUE,In plan,FALSE,0,,0,
724,Drew,Smith,Male,she/her,41,11/30/1983,Sales,Commercial,3,Manager,Remote,,78528,FALSE,0,TRUE,0.0818,Full-time,Terminated,11/30/2024,12/30/2024,White,Married,Associate,Monthly,FALSE,FALSE,CC1019,1,Exempt,FALSE,Not in plan,FALSE,1,2/28/2025,0,
725,Jamie,Smith,Male,he/him,23,12/31/2001,Customer Success,Commercial,2,Senior Director,"New York, NY",,72261,FALSE,0,TRUE,0.0447,Full-time,Active,12/31/2024,,White,Divorced,Bachelor,Monthly,FALSE,FALSE,CC1004,1,Exempt,FALSE,Not in plan,FALSE,0,,0,
726,Drew,Jones,Female,she/her,33,12/31/1991,Marketing,Commercial,3,Senior Manager,"Seattle, WA",,78526,FALSE,0,TRUE,0.04,Contractor,Active,12/31/2024,,Hispanic,Married,Master,Monthly,FALSE,FALSE,CC1019,1,Exempt,FALSE,Not in plan,TRUE,1,5/31/2025,0,
727,Drew,Miller,Male,he/him,28,12/31/1996,Product,Tech,2,VP,"New York, NY",,112647,FALSE,0,TRUE,0.0116,Full-time,Active,12/31/2024,,Asian,Single,Master,Monthly,FALSE,FALSE,CC1016,0.8,Exempt,FALSE,Not in plan,FALSE,2,11/30/2025,0,
728,Cameron,Garcia,Female,he/him,31,12/31/1993,Sales,Commercial,1,Manager,Remote,,93130,TRUE,0.072,FALSE,0,Contractor,Active,12/31/2024,,Asian,Married,Master,Monthly,FALSE,FALSE,CC1009,1,Non-exempt,FALSE,Not in plan,FALSE,0,,0,
729,Drew,Garcia,Female,he/him,36,12/31/1988,Customer Success,Commercial,1,Manager,Remote,,76470,FALSE,0,FALSE,0,Full-time,Active,12/31/2024,,Hispanic,Married,Associate,Monthly,FALSE,FALSE,CC1008,1,Non-exempt,FALSE,Not in plan,FALSE,2,9/30/2025,0,
730,Robin,Wilson,Male,he/him,22,12/31/2002,Customer Success,Commercial,3,Director,"Austin, TX",,71422,FALSE,0,TRUE,0.0458,Contractor,Active,12/31/2024,,Black,Divorced,PhD,Monthly,FALSE,FALSE,CC1008,1,Exempt,FALSE,Not in plan,FALSE,1,8/31/2025,0,
731,Cameron,Davis,Male,he/him,43,12/31/1981,Engineering,Tech,4,Senior Analyst,Remote,,113642,FALSE,0,TRUE,0.0463,Contractor,Active,12/31/2024,,White,Single,Bachelor,Monthly,FALSE,TRUE,CC1007,1,Exempt,TRUE,In plan,FALSE,1,4/30/2025,0,
732,Robin,Williams,Female,she/her,26,12/31/1998,Finance,Corporate,4,Director,"New York, NY",,90741,FALSE,0,TRUE,0.0415,Full-time,Active,12/31/2024,,White,Single,Bachelor,Monthly,FALSE,FALSE,CC1016,1,Exempt,FALSE,Not in plan,FALSE,1,7/31/2025,0,
733,Taylor,Johnson,Female,she/her,33,12/31/1991,Product,Tech,3,Senior Analyst,"New York, NY",,106874,FALSE,0,TRUE,0.0243,Full-time,Active,12/31/2024,,White,Married,Bachelor,Monthly,FALSE,FALSE,CC1013,0.5,Exempt,FALSE,Not in plan,FALSE,1,7/31/2025,0,
734,Drew,Smith,Female,he/him,24,12/31/2000,Support,Tech,2,Senior Manager,"New York, NY",,76475,FALSE,0,FALSE,0,Full-time,Active,12/31/2024,,White,Divorced,Master,Monthly,FALSE,FALSE,CC1016,0.5,Exempt,FALSE,Not in plan,FALSE,0,,0,
735,Casey,Miller,Male,he/him,24,12/31/2000,Finance,Corporate,2,Senior Analyst,Remote,,83598,FALSE,0,FALSE,0,Full-time,Active,12/31/2024,,White,Married,Associate,Monthly,FALSE,FALSE,CC1005,1,Exempt,FALSE,Not in plan,TRUE,1,1/31/2025,0,
736,Taylor,Garcia,Male,she/her,27,12/31/1997,Product,Tech,2,Manager,"Austin, TX",,125090,FALSE,0,TRUE,0.0571,Full-time,Active,12/31/2024,,Asian,Single,Bachelor,Monthly,FALSE,FALSE,CC1012,1,Exempt,FALSE,Not in plan,FALSE,0,,0,
737,Morgan,Johnson,Female,she/her,36,12/31/1988,Finance,Corporate,3,Senior Director,"New York, NY",,87998,FALSE,0,TRUE,0.0172,Full-time,Active,12/31/2024,,Asian,Married,Bachelor,Monthly,FALSE,FALSE,CC1004,1,Exempt,FALSE,Not in plan,FALSE,0,,0,
738,Jordan,Garcia,Male,he/him,27,12/31/1997,Engineering,Tech,3,Analyst,"San Francisco, CA",,117474,TRUE,0.198,TRUE,0.0557,Full-time,Active,12/31/2024,,Black,Married,Master,Monthly,FALSE,FALSE,CC1007,1,Exempt,TRUE,In plan,FALSE,0,,0,
739,Alex,Garcia,Female,he/him,34,12/31/1990,Marketing,Commercial,1,Senior Director,Remote,,69314,FALSE,0,FALSE,0,Full-time,Active,12/31/2024,,White,Single,Bachelor,Monthly,FALSE,TRUE,CC1000,1,Non-exempt,TRUE,In plan,FALSE,4,6/30/2025,0,
740,Casey,Smith,Male,he/him,22,12/31/2002,Marketing,Commercial,2,Senior Analyst,"New York, NY",,74646,FALSE,0,TRUE,0.0749,Full-time,Active,12/31/2024,,Hispanic,Widowed,Bachelor,Monthly,FALSE,FALSE,CC1019,1,Exempt,FALSE,Not in plan,FALSE,1,3/31/2025,0,
741,Morgan,Brown,Male,she/her,33,1/31/1992,Sales,Commercial,3,Senior Manager,"Austin, TX",,92932,TRUE,0.119,TRUE,0.0419,Full-time,Active,1/31/2025,,Other,Married,Bachelor,Monthly,FALSE,FALSE,CC1018,1,Exempt,FALSE,Not in plan,FALSE,2,5/31/2025,0,
742,Taylor,Johnson,Female,she/her,37,1/31/1988,Engineering,Tech,1,Senior Director,"New York, NY",,123625,TRUE,0.146,TRUE,0.0664,Full-time,Active,1/31/2025,,White,Single,Associate,Monthly,FALSE,FALSE,CC1017,0.5,Non-exempt,FALSE,Not in plan,FALSE,0,,0,
743,Jamie,Smith,Female,she/her,49,1/31/1976,Customer Success,Commercial,1,Senior Analyst,"San Francisco, CA",,77162,FALSE,0,FALSE,0,Full-time,Active,1/31/2025,,Black,Single,Associate,Monthly,FALSE,FALSE,CC1010,1,Non-exempt,FALSE,Not in plan,FALSE,1,4/30/2025,0,
744,Cameron,Rodriguez,Female,he/him,38,1/31/1987,Sales,Commercial,3,Manager,"New York, NY",,98752,TRUE,0.058,TRUE,0.0589,Full-time,Terminated,1/31/2025,3/31/2025,Black,Divorced,PhD,Monthly,FALSE,FALSE,CC1001,1,Exempt,FALSE,Not in plan,FALSE,1,11/30/2025,0,
745,Riley,Jones,Non-binary,he/him,37,1/31/1988,Engineering,Tech,1,VP,"San Francisco, CA",,96349,FALSE,0,TRUE,0.0797,Full-time,Active,1/31/2025,,White,Single,Bachelor,Monthly,FALSE,FALSE,CC1007,1,Non-exempt,FALSE,Not in plan,FALSE,0,,0,
746,Robin,Garcia,Male,she/her,31,1/31/1994,Operations,Corporate,3,Analyst,"New York, NY",,66567,FALSE,0,TRUE,0.0545,Full-time,Active,1/31/2025,,White,Single,Bachelor,Monthly,FALSE,FALSE,CC1006,0.8,Exempt,FALSE,Not in plan,FALSE,2,9/30/2025,0,
747,Drew,Davis,Female,she/her,35,1/31/1990,Customer Success,Commercial,1,Director,Remote,,84792,FALSE,0,TRUE,0.0517,Full-time,Active,1/31/2025,,Asian,Married,High School,Monthly,FALSE,FALSE,CC1019,1,Non-exempt,FALSE,Not in plan,FALSE,1,2/28/2025,0,
748,Riley,Brown,Female,she/her,33,1/31/1992,Operations,Corporate,1,Director,Remote,,81060,FALSE,0,TRUE,0.0499,Full-time,Active,1/31/2025,,Asian,Single,Master,Monthly,FALSE,FALSE,CC1007,0.8,Non-exempt,FALSE,Not in plan,FALSE,0,,0,
749,Riley,Rodriguez,Non-binary,she/her,33,1/31/1992,Finance,Corporate,1,Analyst,"Seattle, WA",,74801,FALSE,0,TRUE,0.0353,Full-time,Active,1/31/2025,,Asian,Married,PhD,Monthly,FALSE,FALSE,CC1007,0.8,Non-exempt,FALSE,Not in plan,FALSE,0,,0,
750,Drew,Garcia,Male,she/her,35,1/31/1990,Engineering,Tech,1,Director,"New York, NY",,133711,FALSE,0,TRUE,0.0591,Full-time,Active,1/31/2025,,Black,Single,Master,Monthly,FALSE,FALSE,CC1006,1,Non-exempt,FALSE,Not in plan,FALSE,0,,0,
751,Alex,Williams,Female,she/her,29,1/31/1996,HR,Corporate,1,Senior Manager,"New York, NY",,79221,FALSE,0,TRUE,0.0924,Full-time,Active,1/31/2025,,Black,Married,Bachelor,Monthly,FALSE,FALSE,CC1004,1,Non-exempt,TRUE,In plan,FALSE,3,12/31/2025,0,
752,Alex,Rodriguez,Female,she/her,30,1/31/1995,Engineering,Tech,2,Manager,"Seattle, WA",,114958,FALSE,0,TRUE,0.0623,Full-time,Active,1/31/2025,,White,Married,High School,Monthly,FALSE,FALSE,CC1000,1,Exempt,FALSE,Not in plan,FALSE,0,,0,
753,Alex,Williams,Female,she/her,34,1/31/1991,Product,Tech,2,Senior Director,"Seattle, WA",,110898,FALSE,0,TRUE,0.0435,Full-time,Active,1/31/2025,,White,Married,Bachelor,Monthly,FALSE,FALSE,CC1016,0.8,Exempt,FALSE,Not in plan,FALSE,0,,0,
754,Casey,Johnson,Female,she/her,56,1/31/1969,Engineering,Tech,1,Senior Manager,"Austin, TX",,109505,FALSE,0,TRUE,0.0499,Full-time,Active,1/31/2025,,White,Divorced,Associate,Monthly,FALSE,FALSE,CC1010,1,Non-exempt,FALSE,Not in plan,FALSE,0,,0,
755,Jamie,Rodriguez,Female,she/her,25,1/31/2000,Engineering,Tech,3,Manager,"San Francisco, CA",,114757,TRUE,0.108,TRUE,0.0496,Full-time,Active,1/31/2025,,White,Single,Associate,Monthly,FALSE,FALSE,CC1006,0.8,Exempt,FALSE,Not in plan,FALSE,1,11/30/2025,0,
756,Robin,Smith,Female,he/him,22,1/31/2003,Engineering,Tech,4,Manager,"San Francisco, CA",,100253,FALSE,0,TRUE,0.0821,Full-time,Active,1/31/2025,,Other,Married,Bachelor,Monthly,FALSE,FALSE,CC1019,0.5,Exempt,FALSE,Not in plan,FALSE,1,9/30/2025,0,
757,Jordan,Rodriguez,Female,she/her,24,1/31/2001,Sales,Commercial,2,Senior Analyst,"Austin, TX",,92991,TRUE,0.075,TRUE,0.0668,Full-time,Active,1/31/2025,,Asian,Single,Master,Monthly,FALSE,FALSE,CC1008,1,Exempt,FALSE,Not in plan,FALSE,0,,0,
758,Jordan,Davis,Male,she/her,25,1/31/2000,Support,Tech,2,Analyst,"Seattle, WA",,67861,FALSE,0,TRUE,0.0764,Full-time,Active,1/31/2025,,White,Single,Master,Monthly,FALSE,FALSE,CC1019,1,Exempt,FALSE,Not in plan,FALSE,1,8/31/2025,0,
759,Taylor,Jones,Male,she/her,27,1/31/1998,Engineering,Tech,5,Director,"San Francisco, CA",,122003,TRUE,0.085,TRUE,0.0743,Full-time,Active,1/31/2025,,White,Married,Bachelor,Monthly,FALSE,FALSE,CC1005,1,Exempt,FALSE,Not in plan,FALSE,0,,0,
760,Jordan,Davis,Male,he/him,39,1/31/1986,Sales,Commercial,3,Senior Analyst,Remote,,87150,FALSE,0,TRUE,0.0748,Full-time,Active,1/31/2025,,White,Married,Bachelor,Monthly,FALSE,FALSE,CC1008,1,Exempt,FALSE,Not in plan,FALSE,2,12/31/2025,0,
761,Riley,Jones,Female,he/him,31,2/28/1994,Operations,Corporate,2,Senior Analyst,"New York, NY",,56076,FALSE,0,TRUE,0.0945,Full-time,Active,2/28/2025,,White,Single,Bachelor,Monthly,FALSE,FALSE,CC1014,1,Exempt,TRUE,In plan,FALSE,0,,0,
762,Riley,Garcia,Male,she/her,32,2/28/1993,Engineering,Tech,1,Analyst,"Austin, TX",,129409,TRUE,0.171,TRUE,0.0361,Full-time,Active,2/28/2025,,White,Married,Bachelor,Monthly,FALSE,FALSE,CC1002,1,Non-exempt,FALSE,Not in plan,FALSE,0,,0,
763,Drew,Johnson,Male,he/him,36,2/28/1989,Marketing,Commercial,2,Manager,"Austin, TX",,77770,FALSE,0,TRUE,0.0826,Full-time,Active,2/28/2025,,White,Married,Bachelor,Monthly,FALSE,FALSE,CC1002,0.8,Exempt,FALSE,Not in plan,FALSE,1,9/28/2025,0,
764,Drew,Jones,Female,she/her,23,2/28/2002,Finance,Corporate,1,Senior Analyst,Remote,,89320,FALSE,0,TRUE,0.0638,Full-time,Active,2/28/2025,,Asian,Married,Bachelor,Monthly,TRUE,FALSE,CC1015,1,Non-exempt,FALSE,Not in plan,FALSE,0,,0,
765,Jordan,Miller,Male,he/him,31,2/28/1994,Engineering,Tech,1,Senior Director,Remote,,133169,FALSE,0,TRUE,0.0985,Full-time,Active,2/28/2025,,White,Single,Associate,Monthly,FALSE,FALSE,CC1006,1,Non-exempt,FALSE,Not in plan,FALSE,1,6/28/2025,0,
766,Morgan,Miller,Female,he/him,35,2/28/1990,Customer Success,Commercial,2,Director,Remote,,69840,FALSE,0,TRUE,0.0585,Full-time,Active,2/28/2025,,White,Married,Bachelor,Monthly,FALSE,FALSE,CC1013,1,Exempt,FALSE,Not in plan,FALSE,0,,0,
767,Robin,Miller,Female,he/him,30,2/28/1995,Finance,Corporate,1,Analyst,"Austin, TX",,62230,FALSE,0,TRUE,0.0508,Part-time,Active,2/28/2025,,White,Married,Bachelor,Monthly,FALSE,FALSE,CC1003,1,Non-exempt,FALSE,Not in plan,FALSE,1,3/28/2025,0,
768,Casey,Williams,Male,he/him,43,2/28/1982,Sales,Commercial,1,VP,"New York, NY",,79566,TRUE,0.065,TRUE,0.0429,Part-time,Active,2/28/2025,,White,Single,PhD,Monthly,FALSE,FALSE,CC1014,1,Non-exempt,FALSE,Not in plan,FALSE,1,5/28/2025,0,
769,Alex,Miller,Female,he/him,27,2/28/1998,Marketing,Commercial,2,Senior Analyst,"Seattle, WA",,82103,FALSE,0,TRUE,0.0283,Part-time,Active,2/28/2025,,Asian,Divorced,Associate,Monthly,FALSE,FALSE,CC1008,1,Exempt,FALSE,Not in plan,FALSE,1,9/28/2025,0,
770,Morgan,Garcia,Non-binary,she/her,36,2/28/1989,Sales,Commercial,3,Senior Director,"New York, NY",,73622,TRUE,0.145,TRUE,0.0525,Part-time,Active,2/28/2025,,White,Single,Bachelor,Monthly,FALSE,FALSE,CC1003,1,Exempt,FALSE,Not in plan,FALSE,2,5/28/2025,0,
771,Cameron,Davis,Male,he/him,44,2/28/1981,Product,Tech,3,Director,"Austin, TX",,114019,FALSE,0,FALSE,0,Full-time,Active,2/28/2025,,White,Married,Associate,Monthly,TRUE,FALSE,CC1016,1,Exempt,FALSE,Not in plan,FALSE,1,1/28/2026,0,
772,Morgan,Williams,Female,he/him,48,3/31/1977,Finance,Corporate,3,VP,Remote,,90164,FALSE,0,TRUE,0.029,Full-time,Active,3/31/2025,,White,Married,Master,Monthly,FALSE,FALSE,CC1001,0.8,Exempt,FALSE,Not in plan,FALSE,3,10/31/2025,0,
773,Taylor,Brown,Female,she/her,34,3/31/1991,Sales,Commercial,2,Analyst,"San Francisco, CA",,80369,TRUE,0.059,TRUE,0.0489,Full-time,Active,3/31/2025,,White,Married,Master,Monthly,FALSE,FALSE,CC1018,1,Exempt,TRUE,In plan,FALSE,0,,0,
774,Casey,Johnson,Female,he/him,41,3/31/1984,Customer Success,Commercial,1,VP,Remote,,57096,FALSE,0,FALSE,0,Contractor,Active,3/31/2025,,Black,Married,Bachelor,Monthly,FALSE,FALSE,CC1011,0.8,Non-exempt,FALSE,Not in plan,FALSE,0,,0,
775,Jordan,Brown,Non-binary,he/him,32,3/31/1993,Sales,Commercial,2,Senior Manager,"Austin, TX",,88173,TRUE,0.128,FALSE,0,Full-time,Active,3/31/2025,,White,Single,PhD,Monthly,FALSE,FALSE,CC1010,1,Exempt,FALSE,Not in plan,FALSE,2,6/30/2025,0,
776,Taylor,Wilson,Male,he/him,32,3/31/1993,Sales,Commercial,3,VP,"San Francisco, CA",,95998,TRUE,0.189,FALSE,0,Full-time,Active,3/31/2025,,Black,Single,Bachelor,Monthly,FALSE,FALSE,CC1001,1,Exempt,FALSE,Not in plan,FALSE,1,11/30/2025,0,
777,Alex,Brown,Male,she/her,29,3/31/1996,Operations,Corporate,3,Director,"New York, NY",,70225,FALSE,0,TRUE,0.0765,Contractor,Active,3/31/2025,,Hispanic,Married,Bachelor,Monthly,FALSE,TRUE,CC1013,1,Exempt,FALSE,Not in plan,FALSE,1,9/30/2025,0,
778,Jordan,Smith,Male,he/him,25,3/31/2000,HR,Corporate,2,Senior Director,"Austin, TX",,66008,TRUE,0.072,TRUE,0.0699,Full-time,Active,3/31/2025,,Asian,Married,Associate,Monthly,FALSE,FALSE,CC1018,1,Exempt,FALSE,Not in plan,FALSE,0,,0,
779,Riley,Johnson,Male,she/her,30,3/31/1995,Sales,Commercial,3,Manager,Remote,,97293,TRUE,0.165,TRUE,0.0483,Full-time,Active,3/31/2025,,Other,Single,Associate,Monthly,FALSE,FALSE,CC1015,1,Exempt,FALSE,Not in plan,FALSE,2,8/31/2025,0,
780,Alex,Johnson,Female,he/him,41,3/31/1984,Engineering,Tech,1,Senior Manager,"Seattle, WA",,106718,FALSE,0,TRUE,0.0556,Full-time,Active,3/31/2025,,White,Single,Bachelor,Monthly,FALSE,FALSE,CC1009,1,Non-exempt,FALSE,Not in plan,FALSE,1,9/30/2025,0,
781,Jamie,Williams,Male,she/her,26,3/31/1999,Finance,Corporate,1,Senior Director,"Seattle, WA",,76467,FALSE,0,FALSE,0,Contractor,Active,3/31/2025,,Asian,Single,Bachelor,Monthly,FALSE,FALSE,CC1019,1,Non-exempt,FALSE,Not in plan,FALSE,0,,0,
782,Casey,Rodriguez,Female,they/them,48,3/31/1977,Engineering,Tech,2,Manager,"Seattle, WA",,133267,FALSE,0,FALSE,0,Full-time,Active,3/31/2025,,Black,Single,Bachelor,Monthly,FALSE,FALSE,CC1003,1,Exempt,FALSE,Not in plan,FALSE,1,9/30/2025,0,
783,Jordan,Williams,Female,she/her,41,3/31/1984,Engineering,Tech,1,Director,Remote,,119798,FALSE,0,TRUE,0.0982,Full-time,Active,3/31/2025,,White,Married,Master,Monthly,FALSE,FALSE,CC1012,0.8,Non-exempt,FALSE,Not in plan,FALSE,1,2/28/2026,0,
784,Drew,Davis,Female,he/him,45,3/31/1980,Engineering,Tech,1,Manager,"Austin, TX",,140779,FALSE,0,TRUE,0.0899,Full-time,Active,3/31/2025,,White,Single,Bachelor,Monthly,FALSE,FALSE,CC1004,1,Non-exempt,FALSE,Not in plan,FALSE,1,2/28/2026,0,
785,Jordan,Garcia,Male,she/her,32,3/31/1993,Engineering,Tech,3,Manager,"Seattle, WA",,90604,TRUE,0.182,TRUE,0.0643,Full-time,Active,3/31/2025,,Asian,Married,Bachelor,Monthly,FALSE,FALSE,CC1017,1,Exempt,FALSE,Not in plan,FALSE,0,,0,
786,Morgan,Williams,Female,she/her,27,3/31/1998,Engineering,Tech,1,Manager,"San Francisco, CA",,142305,FALSE,0,TRUE,0.0854,Part-time,Active,3/31/2025,,Asian,Single,Master,Monthly,FALSE,FALSE,CC1003,1,Non-exempt,FALSE,Not in plan,FALSE,3,11/30/2025,0,
787,Morgan,Williams,Male,he/him,32,3/31/1993,Engineering,Tech,2,Analyst,"Austin, TX",,126222,FALSE,0,TRUE,0.0953,Full-time,Active,3/31/2025,,White,Married,Master,Monthly,FALSE,FALSE,CC1013,0.8,Exempt,FALSE,Not in plan,FALSE,1,10/31/2025,0,
788,Casey,Davis,Female,she/her,27,3/31/1998,Sales,Commercial,3,VP,"Austin, TX",,81867,TRUE,0.111,FALSE,0,Full-time,Active,3/31/2025,,White,Married,Associate,Monthly,FALSE,FALSE,CC1019,0.8,Exempt,FALSE,Not in plan,FALSE,1,8/31/2025,0,
789,Riley,Garcia,Male,he/him,34,3/31/1991,Operations,Corporate,3,Senior Manager,"Seattle, WA",,66946,FALSE,0,TRUE,0.0294,Full-time,Active,3/31/2025,,White,Single,Bachelor,Monthly,FALSE,FALSE,CC1018,1,Exempt,FALSE,Not in plan,FALSE,0,,0,
790,Alex,Miller,Female,she/her,39,3/31/1986,Engineering,Tech,1,Senior Manager,"Seattle, WA",,117078,FALSE,0,TRUE,0.0297,Full-time,Active,3/31/2025,,White,Single,Master,Monthly,FALSE,FALSE,CC1011,1,Non-exempt,FALSE,Not in plan,FALSE,0,,0,
791,Riley,Rodriguez,Male,she/her,22,3/31/2003,Engineering,Tech,4,Manager,Remote,,134121,FALSE,0,TRUE,0.0639,Full-time,Active,3/31/2025,,Black,Married,Associate,Monthly,FALSE,FALSE,CC1003,0.5,Exempt,FALSE,Not in plan,FALSE,1,10/31/2025,0,
792,Drew,Wilson,Female,he/him,27,3/31/1998,Sales,Commercial,3,Director,"New York, NY",,87515,TRUE,0.135,TRUE,0.0156,Full-time,Active,3/31/2025,,Black,Divorced,Bachelor,Monthly,FALSE,TRUE,CC1009,1,Exempt,FALSE,Not in plan,FALSE,0,,0,
793,Taylor,Williams,Male,he/him,27,3/31/1998,Sales,Commercial,3,Director,"Austin, TX",,88505,FALSE,0,TRUE,0.0957,Full-time,Active,3/31/2025,,Black,Married,Associate,Monthly,FALSE,FALSE,CC1013,1,Exempt,FALSE,Not in plan,FALSE,0,,0,
